date,지역,latitude,longitude,순이동률,전입률,전출률
2017-01-01,강원특별자치도,37.8225,128.1555,-0.6,16.8,17.4
2017-02-01,강원특별자치도,37.8225,128.1555,-0.6,16.8,17.4
2017-03-01,강원특별자치도,37.8225,128.1555,-0.6,16.8,17.4
2017-04-01,강원특별자치도,37.8225,128.1555,0.2,12.3,12.1
2017-05-01,강원특별자치도,37.8225,128.1555,0.2,12.3,12.1
2017-06-01,강원특별자치도,37.8225,128.1555,0.2,12.3,12.1
2017-07-01,강원특별자치도,37.8225,128.1555,0.1,11.8,11.8
2017-08-01,강원특별자치도,37.8225,128.1555,0.1,11.8,11.8
2017-09-01,강원특별자치도,37.8225,128.1555,0.1,11.8,11.8
2017-10-01,강원특별자치도,37.8225,128.1555,0.8,14.2,13.4
2017-11-01,강원특별자치도,37.8225,128.1555,0.8,14.2,13.4
2017-12-01,강원특별자치도,37.8225,128.1555,0.8,14.2,13.4
2018-01-01,강원특별자치도,37.8225,128.1555,-0.8,16.5,17.3
2018-02-01,강원특별자치도,37.8225,128.1555,-0.8,16.5,17.3
2018-03-01,강원특별자치도,37.8225,128.1555,-0.8,16.5,17.3
2018-04-01,강원특별자치도,37.8225,128.1555,-0.2,12.7,12.9
2018-05-01,강원특별자치도,37.8225,128.1555,-0.2,12.7,12.9
2018-06-01,강원특별자치도,37.8225,128.1555,-0.2,12.7,12.9
2018-07-01,강원특별자치도,37.8225,128.1555,-0.1,12.3,12.5
2018-08-01,강원특별자치도,37.8225,128.1555,-0.1,12.3,12.5
2018-09-01,강원특별자치도,37.8225,128.1555,-0.1,12.3,12.5
2018-10-01,강원특별자치도,37.8225,128.1555,0.1,14.9,14.9
2018-11-01,강원특별자치도,37.8225,128.1555,0.1,14.9,14.9
2018-12-01,강원특별자치도,37.8225,128.1555,0.1,14.9,14.9
2019-01-01,강원특별자치도,37.8225,128.1555,-0.5,16.9,17.3
2019-02-01,강원특별자치도,37.8225,128.1555,-0.5,16.9,17.3
2019-03-01,강원특별자치도,37.8225,128.1555,-0.5,16.9,17.3
2019-04-01,강원특별자치도,37.8225,128.1555,0.3,13.3,13.1
2019-05-01,강원특별자치도,37.8225,128.1555,0.3,13.3,13.1
2019-06-01,강원특별자치도,37.8225,128.1555,0.3,13.3,13.1
2019-07-01,강원특별자치도,37.8225,128.1555,0.2,12.9,12.7
2019-08-01,강원특별자치도,37.8225,128.1555,0.2,12.9,12.7
2019-09-01,강원특별자치도,37.8225,128.1555,0.2,12.9,12.7
2019-10-01,강원특별자치도,37.8225,128.1555,0.5,14.0,13.5
2019-11-01,강원특별자치도,37.8225,128.1555,0.5,14.0,13.5
2019-12-01,강원특별자치도,37.8225,128.1555,0.5,14.0,13.5
2020-01-01,강원특별자치도,37.8225,128.1555,-0.4,17.8,18.2
2020-02-01,강원특별자치도,37.8225,128.1555,-0.4,17.8,18.2
2020-03-01,강원특별자치도,37.8225,128.1555,-0.4,17.8,18.2
2020-04-01,강원특별자치도,37.8225,128.1555,0.4,13.7,13.3
2020-05-01,강원특별자치도,37.8225,128.1555,0.4,13.7,13.3
2020-06-01,강원특별자치도,37.8225,128.1555,0.4,13.7,13.3
2020-07-01,강원특별자치도,37.8225,128.1555,0.7,12.9,12.2
2020-08-01,강원특별자치도,37.8225,128.1555,0.7,12.9,12.2
2020-09-01,강원특별자치도,37.8225,128.1555,0.7,12.9,12.2
2020-10-01,강원특별자치도,37.8225,128.1555,0.8,14.2,13.4
2020-11-01,강원특별자치도,37.8225,128.1555,0.8,14.2,13.4
2020-12-01,강원특별자치도,37.8225,128.1555,0.8,14.2,13.4
2021-01-01,강원특별자치도,37.8225,128.1555,-0.4,15.2,15.6
2021-02-01,강원특별자치도,37.8225,128.1555,-0.4,15.2,15.6
2021-03-01,강원특별자치도,37.8225,128.1555,-0.4,15.2,15.6
2021-04-01,강원특별자치도,37.8225,128.1555,0.6,13.2,12.6
2021-05-01,강원특별자치도,37.8225,128.1555,0.6,13.2,12.6
2021-06-01,강원특별자치도,37.8225,128.1555,0.6,13.2,12.6
2021-07-01,강원특별자치도,37.8225,128.1555,0.6,13.7,13.1
2021-08-01,강원특별자치도,37.8225,128.1555,0.6,13.7,13.1
2021-09-01,강원특별자치도,37.8225,128.1555,0.6,13.7,13.1
2021-10-01,강원특별자치도,37.8225,128.1555,0.9,14.7,13.8
2021-11-01,강원특별자치도,37.8225,128.1555,0.9,14.7,13.8
2021-12-01,강원특별자치도,37.8225,128.1555,0.9,14.7,13.8
2022-01-01,강원특별자치도,37.8225,128.1555,0.6,15.7,15.1
2022-02-01,강원특별자치도,37.8225,128.1555,0.6,15.7,15.1
2022-03-01,강원특별자치도,37.8225,128.1555,0.6,15.7,15.1
2022-04-01,강원특별자치도,37.8225,128.1555,0.5,12.5,12.0
2022-05-01,강원특별자치도,37.8225,128.1555,0.5,12.5,12.0
2022-06-01,강원특별자치도,37.8225,128.1555,0.5,12.5,12.0
2022-07-01,강원특별자치도,37.8225,128.1555,0.5,11.6,11.1
2022-08-01,강원특별자치도,37.8225,128.1555,0.5,11.6,11.1
2022-09-01,강원특별자치도,37.8225,128.1555,0.5,11.6,11.1
2022-10-01,강원특별자치도,37.8225,128.1555,0.3,11.1,10.8
2022-11-01,강원특별자치도,37.8225,128.1555,0.3,11.1,10.8
2022-12-01,강원특별자치도,37.8225,128.1555,0.3,11.1,10.8
2023-01-01,강원특별자치도,37.8225,128.1555,-0.3,13.3,13.6
2023-02-01,강원특별자치도,37.8225,128.1555,-0.3,13.3,13.6
2023-03-01,강원특별자치도,37.8225,128.1555,-0.3,13.3,13.6
2023-04-01,강원특별자치도,37.8225,128.1555,0.1,10.7,10.6
2023-05-01,강원특별자치도,37.8225,128.1555,0.1,10.7,10.6
2023-06-01,강원특별자치도,37.8225,128.1555,0.1,10.7,10.6
2023-07-01,강원특별자치도,37.8225,128.1555,-0.1,10.4,10.5
2023-08-01,강원특별자치도,37.8225,128.1555,-0.1,10.4,10.5
2023-09-01,강원특별자치도,37.8225,128.1555,-0.1,10.4,10.5
2023-10-01,강원특별자치도,37.8225,128.1555,-0.1,11.0,11.2
2023-11-01,강원특별자치도,37.8225,128.1555,-0.1,11.0,11.2
2023-12-01,강원특별자치도,37.8225,128.1555,-0.1,11.0,11.2
2024-01-01,강원특별자치도,37.8225,128.1555,-0.4,14.8,15.2
2024-02-01,강원특별자치도,37.8225,128.1555,-0.4,14.8,15.2
2024-03-01,강원특별자치도,37.8225,128.1555,-0.4,14.8,15.2
2024-04-01,강원특별자치도,37.8225,128.1555,0.0,11.0,11.0
2024-05-01,강원특별자치도,37.8225,128.1555,0.0,11.0,11.0
2024-06-01,강원특별자치도,37.8225,128.1555,0.0,11.0,11.0
2024-07-01,강원특별자치도,37.8225,128.1555,-0.1,10.7,10.8
2017-01-01,경기도,37.4138,127.5183,0.9,16.2,15.4
2017-02-01,경기도,37.4138,127.5183,0.9,16.2,15.4
2017-03-01,경기도,37.4138,127.5183,0.9,16.2,15.4
2017-04-01,경기도,37.4138,127.5183,0.6,13.4,12.7
2017-05-01,경기도,37.4138,127.5183,0.6,13.4,12.7
2017-06-01,경기도,37.4138,127.5183,0.6,13.4,12.7
2017-07-01,경기도,37.4138,127.5183,1.0,15.1,14.1
2017-08-01,경기도,37.4138,127.5183,1.0,15.1,14.1
2017-09-01,경기도,37.4138,127.5183,1.0,15.1,14.1
2017-10-01,경기도,37.4138,127.5183,1.2,14.9,13.7
2017-11-01,경기도,37.4138,127.5183,1.2,14.9,13.7
2017-12-01,경기도,37.4138,127.5183,1.2,14.9,13.7
2018-01-01,경기도,37.4138,127.5183,1.4,17.9,16.5
2018-02-01,경기도,37.4138,127.5183,1.4,17.9,16.5
2018-03-01,경기도,37.4138,127.5183,1.4,17.9,16.5
2018-04-01,경기도,37.4138,127.5183,1.3,15.0,13.7
2018-05-01,경기도,37.4138,127.5183,1.3,15.0,13.7
2018-06-01,경기도,37.4138,127.5183,1.3,15.0,13.7
2018-07-01,경기도,37.4138,127.5183,1.3,14.4,13.1
2018-08-01,경기도,37.4138,127.5183,1.3,14.4,13.1
2018-09-01,경기도,37.4138,127.5183,1.3,14.4,13.1
2018-10-01,경기도,37.4138,127.5183,1.3,16.3,15.0
2018-11-01,경기도,37.4138,127.5183,1.3,16.3,15.0
2018-12-01,경기도,37.4138,127.5183,1.3,16.3,15.0
2019-01-01,경기도,37.4138,127.5183,1.0,16.4,15.4
2019-02-01,경기도,37.4138,127.5183,1.0,16.4,15.4
2019-03-01,경기도,37.4138,127.5183,1.0,16.4,15.4
2019-04-01,경기도,37.4138,127.5183,1.1,14.1,13.0
2019-05-01,경기도,37.4138,127.5183,1.1,14.1,13.0
2019-06-01,경기도,37.4138,127.5183,1.1,14.1,13.0
2019-07-01,경기도,37.4138,127.5183,1.2,14.4,13.2
2019-08-01,경기도,37.4138,127.5183,1.2,14.4,13.2
2019-09-01,경기도,37.4138,127.5183,1.2,14.4,13.2
2019-10-01,경기도,37.4138,127.5183,0.8,14.6,13.8
2019-11-01,경기도,37.4138,127.5183,0.8,14.6,13.8
2019-12-01,경기도,37.4138,127.5183,0.8,14.6,13.8
2020-01-01,경기도,37.4138,127.5183,1.4,18.2,16.8
2020-02-01,경기도,37.4138,127.5183,1.4,18.2,16.8
2020-03-01,경기도,37.4138,127.5183,1.4,18.2,16.8
2020-04-01,경기도,37.4138,127.5183,1.4,15.1,13.7
2020-05-01,경기도,37.4138,127.5183,1.4,15.1,13.7
2020-06-01,경기도,37.4138,127.5183,1.4,15.1,13.7
2020-07-01,경기도,37.4138,127.5183,1.3,16.0,14.7
2020-08-01,경기도,37.4138,127.5183,1.3,16.0,14.7
2020-09-01,경기도,37.4138,127.5183,1.3,16.0,14.7
2020-10-01,경기도,37.4138,127.5183,1.1,15.9,14.8
2020-11-01,경기도,37.4138,127.5183,1.1,15.9,14.8
2020-12-01,경기도,37.4138,127.5183,1.1,15.9,14.8
2021-01-01,경기도,37.4138,127.5183,1.7,17.7,15.9
2021-02-01,경기도,37.4138,127.5183,1.7,17.7,15.9
2021-03-01,경기도,37.4138,127.5183,1.7,17.7,15.9
2021-04-01,경기도,37.4138,127.5183,1.0,14.3,13.4
2021-05-01,경기도,37.4138,127.5183,1.0,14.3,13.4
2021-06-01,경기도,37.4138,127.5183,1.0,14.3,13.4
2021-07-01,경기도,37.4138,127.5183,1.1,14.5,13.5
2021-08-01,경기도,37.4138,127.5183,1.1,14.5,13.5
2021-09-01,경기도,37.4138,127.5183,1.1,14.5,13.5
2021-10-01,경기도,37.4138,127.5183,0.7,14.2,13.5
2021-11-01,경기도,37.4138,127.5183,0.7,14.2,13.5
2021-12-01,경기도,37.4138,127.5183,0.7,14.2,13.5
2022-01-01,경기도,37.4138,127.5183,0.3,13.8,13.5
2022-02-01,경기도,37.4138,127.5183,0.3,13.8,13.5
2022-03-01,경기도,37.4138,127.5183,0.3,13.8,13.5
2022-04-01,경기도,37.4138,127.5183,0.3,11.7,11.3
2022-05-01,경기도,37.4138,127.5183,0.3,11.7,11.3
2022-06-01,경기도,37.4138,127.5183,0.3,11.7,11.3
2022-07-01,경기도,37.4138,127.5183,0.2,11.5,11.3
2022-08-01,경기도,37.4138,127.5183,0.2,11.5,11.3
2022-09-01,경기도,37.4138,127.5183,0.2,11.5,11.3
2022-10-01,경기도,37.4138,127.5183,0.5,11.8,11.4
2022-11-01,경기도,37.4138,127.5183,0.5,11.8,11.4
2022-12-01,경기도,37.4138,127.5183,0.5,11.8,11.4
2023-01-01,경기도,37.4138,127.5183,0.4,13.7,13.3
2023-02-01,경기도,37.4138,127.5183,0.4,13.7,13.3
2023-03-01,경기도,37.4138,127.5183,0.4,13.7,13.3
2023-04-01,경기도,37.4138,127.5183,0.4,12.0,11.6
2023-05-01,경기도,37.4138,127.5183,0.4,12.0,11.6
2023-06-01,경기도,37.4138,127.5183,0.4,12.0,11.6
2023-07-01,경기도,37.4138,127.5183,0.2,11.8,11.6
2023-08-01,경기도,37.4138,127.5183,0.2,11.8,11.6
2023-09-01,경기도,37.4138,127.5183,0.2,11.8,11.6
2023-10-01,경기도,37.4138,127.5183,0.3,12.1,11.8
2023-11-01,경기도,37.4138,127.5183,0.3,12.1,11.8
2023-12-01,경기도,37.4138,127.5183,0.3,12.1,11.8
2024-01-01,경기도,37.4138,127.5183,0.4,14.2,13.8
2024-02-01,경기도,37.4138,127.5183,0.4,14.2,13.8
2024-03-01,경기도,37.4138,127.5183,0.4,14.2,13.8
2024-04-01,경기도,37.4138,127.5183,0.5,12.1,11.5
2024-05-01,경기도,37.4138,127.5183,0.5,12.1,11.5
2024-06-01,경기도,37.4138,127.5183,0.5,12.1,11.5
2024-07-01,경기도,37.4138,127.5183,0.5,12.3,11.7
2017-01-01,경상남도,35.2354,128.6922,-0.3,13.8,14.1
2017-02-01,경상남도,35.2354,128.6922,-0.3,13.8,14.1
2017-03-01,경상남도,35.2354,128.6922,-0.3,13.8,14.1
2017-04-01,경상남도,35.2354,128.6922,0.1,12.4,12.3
2017-05-01,경상남도,35.2354,128.6922,0.1,12.4,12.3
2017-06-01,경상남도,35.2354,128.6922,0.1,12.4,12.3
2017-07-01,경상남도,35.2354,128.6922,0.1,11.6,11.5
2017-08-01,경상남도,35.2354,128.6922,0.1,11.6,11.5
2017-09-01,경상남도,35.2354,128.6922,0.1,11.6,11.5
2017-10-01,경상남도,35.2354,128.6922,0.6,11.5,10.9
2017-11-01,경상남도,35.2354,128.6922,0.6,11.5,10.9
2017-12-01,경상남도,35.2354,128.6922,0.6,11.5,10.9
2018-01-01,경상남도,35.2354,128.6922,-0.3,14.0,14.3
2018-02-01,경상남도,35.2354,128.6922,-0.3,14.0,14.3
2018-03-01,경상남도,35.2354,128.6922,-0.3,14.0,14.3
2018-04-01,경상남도,35.2354,128.6922,0.0,11.3,11.3
2018-05-01,경상남도,35.2354,128.6922,0.0,11.3,11.3
2018-06-01,경상남도,35.2354,128.6922,0.0,11.3,11.3
2018-07-01,경상남도,35.2354,128.6922,-0.2,10.2,10.4
2018-08-01,경상남도,35.2354,128.6922,-0.2,10.2,10.4
2018-09-01,경상남도,35.2354,128.6922,-0.2,10.2,10.4
2018-10-01,경상남도,35.2354,128.6922,-0.2,11.0,11.2
2018-11-01,경상남도,35.2354,128.6922,-0.2,11.0,11.2
2018-12-01,경상남도,35.2354,128.6922,-0.2,11.0,11.2
2019-01-01,경상남도,35.2354,128.6922,-0.5,14.3,14.8
2019-02-01,경상남도,35.2354,128.6922,-0.5,14.3,14.8
2019-03-01,경상남도,35.2354,128.6922,-0.5,14.3,14.8
2019-04-01,경상남도,35.2354,128.6922,-0.3,10.8,11.1
2019-05-01,경상남도,35.2354,128.6922,-0.3,10.8,11.1
2019-06-01,경상남도,35.2354,128.6922,-0.3,10.8,11.1
2019-07-01,경상남도,35.2354,128.6922,-0.3,10.5,10.7
2019-08-01,경상남도,35.2354,128.6922,-0.3,10.5,10.7
2019-09-01,경상남도,35.2354,128.6922,-0.3,10.5,10.7
2019-10-01,경상남도,35.2354,128.6922,-0.1,11.8,11.9
2019-11-01,경상남도,35.2354,128.6922,-0.1,11.8,11.9
2019-12-01,경상남도,35.2354,128.6922,-0.1,11.8,11.9
2020-01-01,경상남도,35.2354,128.6922,-0.7,15.1,15.8
2020-02-01,경상남도,35.2354,128.6922,-0.7,15.1,15.8
2020-03-01,경상남도,35.2354,128.6922,-0.7,15.1,15.8
2020-04-01,경상남도,35.2354,128.6922,-0.6,10.9,11.5
2020-05-01,경상남도,35.2354,128.6922,-0.6,10.9,11.5
2020-06-01,경상남도,35.2354,128.6922,-0.6,10.9,11.5
2020-07-01,경상남도,35.2354,128.6922,-0.5,10.5,11.1
2020-08-01,경상남도,35.2354,128.6922,-0.5,10.5,11.1
2020-09-01,경상남도,35.2354,128.6922,-0.5,10.5,11.1
2020-10-01,경상남도,35.2354,128.6922,-0.2,11.8,12.0
2020-11-01,경상남도,35.2354,128.6922,-0.2,11.8,12.0
2020-12-01,경상남도,35.2354,128.6922,-0.2,11.8,12.0
2021-01-01,경상남도,35.2354,128.6922,-0.6,13.8,14.4
2021-02-01,경상남도,35.2354,128.6922,-0.6,13.8,14.4
2021-03-01,경상남도,35.2354,128.6922,-0.6,13.8,14.4
2021-04-01,경상남도,35.2354,128.6922,-0.2,10.6,10.8
2021-05-01,경상남도,35.2354,128.6922,-0.2,10.6,10.8
2021-06-01,경상남도,35.2354,128.6922,-0.2,10.6,10.8
2021-07-01,경상남도,35.2354,128.6922,-0.6,10.2,10.8
2021-08-01,경상남도,35.2354,128.6922,-0.6,10.2,10.8
2021-09-01,경상남도,35.2354,128.6922,-0.6,10.2,10.8
2021-10-01,경상남도,35.2354,128.6922,-0.3,10.8,11.1
2021-11-01,경상남도,35.2354,128.6922,-0.3,10.8,11.1
2021-12-01,경상남도,35.2354,128.6922,-0.3,10.8,11.1
2022-01-01,경상남도,35.2354,128.6922,-0.9,12.3,13.3
2022-02-01,경상남도,35.2354,128.6922,-0.9,12.3,13.3
2022-03-01,경상남도,35.2354,128.6922,-0.9,12.3,13.3
2022-04-01,경상남도,35.2354,128.6922,-0.5,9.7,10.2
2022-05-01,경상남도,35.2354,128.6922,-0.5,9.7,10.2
2022-06-01,경상남도,35.2354,128.6922,-0.5,9.7,10.2
2022-07-01,경상남도,35.2354,128.6922,-0.5,8.6,9.1
2022-08-01,경상남도,35.2354,128.6922,-0.5,8.6,9.1
2022-09-01,경상남도,35.2354,128.6922,-0.5,8.6,9.1
2022-10-01,경상남도,35.2354,128.6922,-0.3,8.7,9.1
2022-11-01,경상남도,35.2354,128.6922,-0.3,8.7,9.1
2022-12-01,경상남도,35.2354,128.6922,-0.3,8.7,9.1
2023-01-01,경상남도,35.2354,128.6922,-1.0,10.8,11.8
2023-02-01,경상남도,35.2354,128.6922,-1.0,10.8,11.8
2023-03-01,경상남도,35.2354,128.6922,-1.0,10.8,11.8
2023-04-01,경상남도,35.2354,128.6922,-0.4,8.5,8.9
2023-05-01,경상남도,35.2354,128.6922,-0.4,8.5,8.9
2023-06-01,경상남도,35.2354,128.6922,-0.4,8.5,8.9
2023-07-01,경상남도,35.2354,128.6922,-0.4,8.4,8.9
2023-08-01,경상남도,35.2354,128.6922,-0.4,8.4,8.9
2023-09-01,경상남도,35.2354,128.6922,-0.4,8.4,8.9
2023-10-01,경상남도,35.2354,128.6922,-0.2,9.2,9.5
2023-11-01,경상남도,35.2354,128.6922,-0.2,9.2,9.5
2023-12-01,경상남도,35.2354,128.6922,-0.2,9.2,9.5
2024-01-01,경상남도,35.2354,128.6922,-0.8,12.1,12.9
2024-02-01,경상남도,35.2354,128.6922,-0.8,12.1,12.9
2024-03-01,경상남도,35.2354,128.6922,-0.8,12.1,12.9
2024-04-01,경상남도,35.2354,128.6922,-0.3,9.8,10.0
2024-05-01,경상남도,35.2354,128.6922,-0.3,9.8,10.0
2024-06-01,경상남도,35.2354,128.6922,-0.3,9.8,10.0
2024-07-01,경상남도,35.2354,128.6922,-0.1,9.8,9.9
2017-01-01,경상북도,36.1584,128.7364,-0.8,13.1,13.8
2017-02-01,경상북도,36.1584,128.7364,-0.8,13.1,13.8
2017-03-01,경상북도,36.1584,128.7364,-0.8,13.1,13.8
2017-04-01,경상북도,36.1584,128.7364,-0.3,9.9,10.2
2017-05-01,경상북도,36.1584,128.7364,-0.3,9.9,10.2
2017-06-01,경상북도,36.1584,128.7364,-0.3,9.9,10.2
2017-07-01,경상북도,36.1584,128.7364,0.0,12.0,12.0
2017-08-01,경상북도,36.1584,128.7364,0.0,12.0,12.0
2017-09-01,경상북도,36.1584,128.7364,0.0,12.0,12.0
2017-10-01,경상북도,36.1584,128.7364,0.2,11.6,11.4
2017-11-01,경상북도,36.1584,128.7364,0.2,11.6,11.4
2017-12-01,경상북도,36.1584,128.7364,0.2,11.6,11.4
2018-01-01,경상북도,36.1584,128.7364,-0.9,13.6,14.5
2018-02-01,경상북도,36.1584,128.7364,-0.9,13.6,14.5
2018-03-01,경상북도,36.1584,128.7364,-0.9,13.6,14.5
2018-04-01,경상북도,36.1584,128.7364,-0.2,11.3,11.6
2018-05-01,경상북도,36.1584,128.7364,-0.2,11.3,11.6
2018-06-01,경상북도,36.1584,128.7364,-0.2,11.3,11.6
2018-07-01,경상북도,36.1584,128.7364,-0.3,9.9,10.3
2018-08-01,경상북도,36.1584,128.7364,-0.3,9.9,10.3
2018-09-01,경상북도,36.1584,128.7364,-0.3,9.9,10.3
2018-10-01,경상북도,36.1584,128.7364,0.1,11.7,11.6
2018-11-01,경상북도,36.1584,128.7364,0.1,11.7,11.6
2018-12-01,경상북도,36.1584,128.7364,0.1,11.7,11.6
2019-01-01,경상북도,36.1584,128.7364,-0.6,13.6,14.3
2019-02-01,경상북도,36.1584,128.7364,-0.6,13.6,14.3
2019-03-01,경상북도,36.1584,128.7364,-0.6,13.6,14.3
2019-04-01,경상북도,36.1584,128.7364,0.0,11.1,11.1
2019-05-01,경상북도,36.1584,128.7364,0.0,11.1,11.1
2019-06-01,경상북도,36.1584,128.7364,0.0,11.1,11.1
2019-07-01,경상북도,36.1584,128.7364,-0.2,9.7,10.0
2019-08-01,경상북도,36.1584,128.7364,-0.2,9.7,10.0
2019-09-01,경상북도,36.1584,128.7364,-0.2,9.7,10.0
2019-10-01,경상북도,36.1584,128.7364,0.2,11.7,11.6
2019-11-01,경상북도,36.1584,128.7364,0.2,11.7,11.6
2019-12-01,경상북도,36.1584,128.7364,0.2,11.7,11.6
2020-01-01,경상북도,36.1584,128.7364,-1.5,13.9,15.4
2020-02-01,경상북도,36.1584,128.7364,-1.5,13.9,15.4
2020-03-01,경상북도,36.1584,128.7364,-1.5,13.9,15.4
2020-04-01,경상북도,36.1584,128.7364,-0.7,11.4,12.2
2020-05-01,경상북도,36.1584,128.7364,-0.7,11.4,12.2
2020-06-01,경상북도,36.1584,128.7364,-0.7,11.4,12.2
2020-07-01,경상북도,36.1584,128.7364,-0.7,10.4,11.1
2020-08-01,경상북도,36.1584,128.7364,-0.7,10.4,11.1
2020-09-01,경상북도,36.1584,128.7364,-0.7,10.4,11.1
2020-10-01,경상북도,36.1584,128.7364,0.3,12.5,12.2
2020-11-01,경상북도,36.1584,128.7364,0.3,12.5,12.2
2020-12-01,경상북도,36.1584,128.7364,0.3,12.5,12.2
2021-01-01,경상북도,36.1584,128.7364,0.0,14.6,14.6
2021-02-01,경상북도,36.1584,128.7364,0.0,14.6,14.6
2021-03-01,경상북도,36.1584,128.7364,0.0,14.6,14.6
2021-04-01,경상북도,36.1584,128.7364,0.5,11.6,11.1
2021-05-01,경상북도,36.1584,128.7364,0.5,11.6,11.1
2021-06-01,경상북도,36.1584,128.7364,0.5,11.6,11.1
2021-07-01,경상북도,36.1584,128.7364,-0.3,10.9,11.1
2021-08-01,경상북도,36.1584,128.7364,-0.3,10.9,11.1
2021-09-01,경상북도,36.1584,128.7364,-0.3,10.9,11.1
2021-10-01,경상북도,36.1584,128.7364,0.3,11.5,11.2
2021-11-01,경상북도,36.1584,128.7364,0.3,11.5,11.2
2021-12-01,경상북도,36.1584,128.7364,0.3,11.5,11.2
2022-01-01,경상북도,36.1584,128.7364,-0.5,12.6,13.1
2022-02-01,경상북도,36.1584,128.7364,-0.5,12.6,13.1
2022-03-01,경상북도,36.1584,128.7364,-0.5,12.6,13.1
2022-04-01,경상북도,36.1584,128.7364,-0.2,9.8,10.0
2022-05-01,경상북도,36.1584,128.7364,-0.2,9.8,10.0
2022-06-01,경상북도,36.1584,128.7364,-0.2,9.8,10.0
2022-07-01,경상북도,36.1584,128.7364,-0.4,8.9,9.3
2022-08-01,경상북도,36.1584,128.7364,-0.4,8.9,9.3
2022-09-01,경상북도,36.1584,128.7364,-0.4,8.9,9.3
2022-10-01,경상북도,36.1584,128.7364,-0.1,9.2,9.3
2022-11-01,경상북도,36.1584,128.7364,-0.1,9.2,9.3
2022-12-01,경상북도,36.1584,128.7364,-0.1,9.2,9.3
2023-01-01,경상북도,36.1584,128.7364,-0.6,12.0,12.5
2023-02-01,경상북도,36.1584,128.7364,-0.6,12.0,12.5
2023-03-01,경상북도,36.1584,128.7364,-0.6,12.0,12.5
2023-04-01,경상북도,36.1584,128.7364,-0.1,9.1,9.2
2023-05-01,경상북도,36.1584,128.7364,-0.1,9.1,9.2
2023-06-01,경상북도,36.1584,128.7364,-0.1,9.1,9.2
2023-07-01,경상북도,36.1584,128.7364,-0.4,8.9,9.3
2023-08-01,경상북도,36.1584,128.7364,-0.4,8.9,9.3
2023-09-01,경상북도,36.1584,128.7364,-0.4,8.9,9.3
2023-10-01,경상북도,36.1584,128.7364,-0.2,9.8,10.0
2023-11-01,경상북도,36.1584,128.7364,-0.2,9.8,10.0
2023-12-01,경상북도,36.1584,128.7364,-0.2,9.8,10.0
2024-01-01,경상북도,36.1584,128.7364,-0.5,13.3,13.8
2024-02-01,경상북도,36.1584,128.7364,-0.5,13.3,13.8
2024-03-01,경상북도,36.1584,128.7364,-0.5,13.3,13.8
2024-04-01,경상북도,36.1584,128.7364,0.1,11.0,10.9
2024-05-01,경상북도,36.1584,128.7364,0.1,11.0,10.9
2024-06-01,경상북도,36.1584,128.7364,0.1,11.0,10.9
2024-07-01,경상북도,36.1584,128.7364,-0.4,9.4,9.8
2017-01-01,광주광역시,35.1595,126.8526,-0.6,16.9,17.5
2017-02-01,광주광역시,35.1595,126.8526,-0.6,16.9,17.5
2017-03-01,광주광역시,35.1595,126.8526,-0.6,16.9,17.5
2017-04-01,광주광역시,35.1595,126.8526,-0.5,13.1,13.7
2017-05-01,광주광역시,35.1595,126.8526,-0.5,13.1,13.7
2017-06-01,광주광역시,35.1595,126.8526,-0.5,13.1,13.7
2017-07-01,광주광역시,35.1595,126.8526,-0.1,13.7,13.8
2017-08-01,광주광역시,35.1595,126.8526,-0.1,13.7,13.8
2017-09-01,광주광역시,35.1595,126.8526,-0.1,13.7,13.8
2017-10-01,광주광역시,35.1595,126.8526,-0.9,13.5,14.4
2017-11-01,광주광역시,35.1595,126.8526,-0.9,13.5,14.4
2017-12-01,광주광역시,35.1595,126.8526,-0.9,13.5,14.4
2018-01-01,광주광역시,35.1595,126.8526,-0.6,16.9,17.4
2018-02-01,광주광역시,35.1595,126.8526,-0.6,16.9,17.4
2018-03-01,광주광역시,35.1595,126.8526,-0.6,16.9,17.4
2018-04-01,광주광역시,35.1595,126.8526,-0.5,14.3,14.8
2018-05-01,광주광역시,35.1595,126.8526,-0.5,14.3,14.8
2018-06-01,광주광역시,35.1595,126.8526,-0.5,14.3,14.8
2018-07-01,광주광역시,35.1595,126.8526,0.1,13.8,13.7
2018-08-01,광주광역시,35.1595,126.8526,0.1,13.8,13.7
2018-09-01,광주광역시,35.1595,126.8526,0.1,13.8,13.7
2018-10-01,광주광역시,35.1595,126.8526,-0.7,15.4,16.1
2018-11-01,광주광역시,35.1595,126.8526,-0.7,15.4,16.1
2018-12-01,광주광역시,35.1595,126.8526,-0.7,15.4,16.1
2019-01-01,광주광역시,35.1595,126.8526,-0.2,17.1,17.3
2019-02-01,광주광역시,35.1595,126.8526,-0.2,17.1,17.3
2019-03-01,광주광역시,35.1595,126.8526,-0.2,17.1,17.3
2019-04-01,광주광역시,35.1595,126.8526,-0.1,13.6,13.7
2019-05-01,광주광역시,35.1595,126.8526,-0.1,13.6,13.7
2019-06-01,광주광역시,35.1595,126.8526,-0.1,13.6,13.7
2019-07-01,광주광역시,35.1595,126.8526,0.1,14.5,14.4
2019-08-01,광주광역시,35.1595,126.8526,0.1,14.5,14.4
2019-09-01,광주광역시,35.1595,126.8526,0.1,14.5,14.4
2019-10-01,광주광역시,35.1595,126.8526,-0.9,14.7,15.6
2019-11-01,광주광역시,35.1595,126.8526,-0.9,14.7,15.6
2019-12-01,광주광역시,35.1595,126.8526,-0.9,14.7,15.6
2020-01-01,광주광역시,35.1595,126.8526,-0.2,17.7,17.9
2020-02-01,광주광역시,35.1595,126.8526,-0.2,17.7,17.9
2020-03-01,광주광역시,35.1595,126.8526,-0.2,17.7,17.9
2020-04-01,광주광역시,35.1595,126.8526,-0.2,15.3,15.4
2020-05-01,광주광역시,35.1595,126.8526,-0.2,15.3,15.4
2020-06-01,광주광역시,35.1595,126.8526,-0.2,15.3,15.4
2020-07-01,광주광역시,35.1595,126.8526,-0.3,14.1,14.4
2020-08-01,광주광역시,35.1595,126.8526,-0.3,14.1,14.4
2020-09-01,광주광역시,35.1595,126.8526,-0.3,14.1,14.4
2020-10-01,광주광역시,35.1595,126.8526,-1.0,15.5,16.5
2020-11-01,광주광역시,35.1595,126.8526,-1.0,15.5,16.5
2020-12-01,광주광역시,35.1595,126.8526,-1.0,15.5,16.5
2021-01-01,광주광역시,35.1595,126.8526,-0.9,17.4,18.4
2021-02-01,광주광역시,35.1595,126.8526,-0.9,17.4,18.4
2021-03-01,광주광역시,35.1595,126.8526,-0.9,17.4,18.4
2021-04-01,광주광역시,35.1595,126.8526,-0.5,14.0,14.5
2021-05-01,광주광역시,35.1595,126.8526,-0.5,14.0,14.5
2021-06-01,광주광역시,35.1595,126.8526,-0.5,14.0,14.5
2021-07-01,광주광역시,35.1595,126.8526,0.0,14.4,14.4
2021-08-01,광주광역시,35.1595,126.8526,0.0,14.4,14.4
2021-09-01,광주광역시,35.1595,126.8526,0.0,14.4,14.4
2021-10-01,광주광역시,35.1595,126.8526,-0.2,13.4,13.6
2021-11-01,광주광역시,35.1595,126.8526,-0.2,13.4,13.6
2021-12-01,광주광역시,35.1595,126.8526,-0.2,13.4,13.6
2022-01-01,광주광역시,35.1595,126.8526,-0.8,14.6,15.4
2022-02-01,광주광역시,35.1595,126.8526,-0.8,14.6,15.4
2022-03-01,광주광역시,35.1595,126.8526,-0.8,14.6,15.4
2022-04-01,광주광역시,35.1595,126.8526,-0.7,12.1,12.8
2022-05-01,광주광역시,35.1595,126.8526,-0.7,12.1,12.8
2022-06-01,광주광역시,35.1595,126.8526,-0.7,12.1,12.8
2022-07-01,광주광역시,35.1595,126.8526,-0.3,12.4,12.7
2022-08-01,광주광역시,35.1595,126.8526,-0.3,12.4,12.7
2022-09-01,광주광역시,35.1595,126.8526,-0.3,12.4,12.7
2022-10-01,광주광역시,35.1595,126.8526,-0.4,12.1,12.5
2022-11-01,광주광역시,35.1595,126.8526,-0.4,12.1,12.5
2022-12-01,광주광역시,35.1595,126.8526,-0.4,12.1,12.5
2023-01-01,광주광역시,35.1595,126.8526,-0.9,13.1,13.9
2023-02-01,광주광역시,35.1595,126.8526,-0.9,13.1,13.9
2023-03-01,광주광역시,35.1595,126.8526,-0.9,13.1,13.9
2023-04-01,광주광역시,35.1595,126.8526,-0.6,10.5,11.1
2023-05-01,광주광역시,35.1595,126.8526,-0.6,10.5,11.1
2023-06-01,광주광역시,35.1595,126.8526,-0.6,10.5,11.1
2023-07-01,광주광역시,35.1595,126.8526,-0.3,11.1,11.4
2023-08-01,광주광역시,35.1595,126.8526,-0.3,11.1,11.4
2023-09-01,광주광역시,35.1595,126.8526,-0.3,11.1,11.4
2023-10-01,광주광역시,35.1595,126.8526,-0.7,11.2,11.9
2023-11-01,광주광역시,35.1595,126.8526,-0.7,11.2,11.9
2023-12-01,광주광역시,35.1595,126.8526,-0.7,11.2,11.9
2024-01-01,광주광역시,35.1595,126.8526,-0.8,14.4,15.2
2024-02-01,광주광역시,35.1595,126.8526,-0.8,14.4,15.2
2024-03-01,광주광역시,35.1595,126.8526,-0.8,14.4,15.2
2024-04-01,광주광역시,35.1595,126.8526,-0.4,12.4,12.9
2024-05-01,광주광역시,35.1595,126.8526,-0.4,12.4,12.9
2024-06-01,광주광역시,35.1595,126.8526,-0.4,12.4,12.9
2024-07-01,광주광역시,35.1595,126.8526,-0.5,11.1,11.6
2017-01-01,대구광역시,35.8714,128.6014,-0.3,14.3,14.6
2017-02-01,대구광역시,35.8714,128.6014,-0.3,14.3,14.6
2017-03-01,대구광역시,35.8714,128.6014,-0.3,14.3,14.6
2017-04-01,대구광역시,35.8714,128.6014,-0.4,11.2,11.5
2017-05-01,대구광역시,35.8714,128.6014,-0.4,11.2,11.5
2017-06-01,대구광역시,35.8714,128.6014,-0.4,11.2,11.5
2017-07-01,대구광역시,35.8714,128.6014,-0.7,12.4,13.2
2017-08-01,대구광역시,35.8714,128.6014,-0.7,12.4,13.2
2017-09-01,대구광역시,35.8714,128.6014,-0.7,12.4,13.2
2017-10-01,대구광역시,35.8714,128.6014,-0.6,14.3,14.8
2017-11-01,대구광역시,35.8714,128.6014,-0.6,14.3,14.8
2017-12-01,대구광역시,35.8714,128.6014,-0.6,14.3,14.8
2018-01-01,대구광역시,35.8714,128.6014,-0.5,14.3,14.8
2018-02-01,대구광역시,35.8714,128.6014,-0.5,14.3,14.8
2018-03-01,대구광역시,35.8714,128.6014,-0.5,14.3,14.8
2018-04-01,대구광역시,35.8714,128.6014,-0.5,12.6,13.1
2018-05-01,대구광역시,35.8714,128.6014,-0.5,12.6,13.1
2018-06-01,대구광역시,35.8714,128.6014,-0.5,12.6,13.1
2018-07-01,대구광역시,35.8714,128.6014,-0.6,11.7,12.3
2018-08-01,대구광역시,35.8714,128.6014,-0.6,11.7,12.3
2018-09-01,대구광역시,35.8714,128.6014,-0.6,11.7,12.3
2018-10-01,대구광역시,35.8714,128.6014,-0.8,13.8,14.5
2018-11-01,대구광역시,35.8714,128.6014,-0.8,13.8,14.5
2018-12-01,대구광역시,35.8714,128.6014,-0.8,13.8,14.5
2019-01-01,대구광역시,35.8714,128.6014,-1.0,14.7,15.6
2019-02-01,대구광역시,35.8714,128.6014,-1.0,14.7,15.6
2019-03-01,대구광역시,35.8714,128.6014,-1.0,14.7,15.6
2019-04-01,대구광역시,35.8714,128.6014,-0.9,12.1,13.0
2019-05-01,대구광역시,35.8714,128.6014,-0.9,12.1,13.0
2019-06-01,대구광역시,35.8714,128.6014,-0.9,12.1,13.0
2019-07-01,대구광역시,35.8714,128.6014,-0.8,11.4,12.2
2019-08-01,대구광역시,35.8714,128.6014,-0.8,11.4,12.2
2019-09-01,대구광역시,35.8714,128.6014,-0.8,11.4,12.2
2019-10-01,대구광역시,35.8714,128.6014,-1.2,13.3,14.4
2019-11-01,대구광역시,35.8714,128.6014,-1.2,13.3,14.4
2019-12-01,대구광역시,35.8714,128.6014,-1.2,13.3,14.4
2020-01-01,대구광역시,35.8714,128.6014,-0.6,15.9,16.5
2020-02-01,대구광역시,35.8714,128.6014,-0.6,15.9,16.5
2020-03-01,대구광역시,35.8714,128.6014,-0.6,15.9,16.5
2020-04-01,대구광역시,35.8714,128.6014,-0.8,13.1,13.9
2020-05-01,대구광역시,35.8714,128.6014,-0.8,13.1,13.9
2020-06-01,대구광역시,35.8714,128.6014,-0.8,13.1,13.9
2020-07-01,대구광역시,35.8714,128.6014,-0.1,13.7,13.8
2020-08-01,대구광역시,35.8714,128.6014,-0.1,13.7,13.8
2020-09-01,대구광역시,35.8714,128.6014,-0.1,13.7,13.8
2020-10-01,대구광역시,35.8714,128.6014,-1.2,15.0,16.2
2020-11-01,대구광역시,35.8714,128.6014,-1.2,15.0,16.2
2020-12-01,대구광역시,35.8714,128.6014,-1.2,15.0,16.2
2021-01-01,대구광역시,35.8714,128.6014,-1.3,15.5,16.8
2021-02-01,대구광역시,35.8714,128.6014,-1.3,15.5,16.8
2021-03-01,대구광역시,35.8714,128.6014,-1.3,15.5,16.8
2021-04-01,대구광역시,35.8714,128.6014,-1.1,11.6,12.7
2021-05-01,대구광역시,35.8714,128.6014,-1.1,11.6,12.7
2021-06-01,대구광역시,35.8714,128.6014,-1.1,11.6,12.7
2021-07-01,대구광역시,35.8714,128.6014,-0.7,11.1,11.9
2021-08-01,대구광역시,35.8714,128.6014,-0.7,11.1,11.9
2021-09-01,대구광역시,35.8714,128.6014,-0.7,11.1,11.9
2021-10-01,대구광역시,35.8714,128.6014,-0.9,12.9,13.8
2021-11-01,대구광역시,35.8714,128.6014,-0.9,12.9,13.8
2021-12-01,대구광역시,35.8714,128.6014,-0.9,12.9,13.8
2022-01-01,대구광역시,35.8714,128.6014,-0.5,13.2,13.7
2022-02-01,대구광역시,35.8714,128.6014,-0.5,13.2,13.7
2022-03-01,대구광역시,35.8714,128.6014,-0.5,13.2,13.7
2022-04-01,대구광역시,35.8714,128.6014,-0.5,10.8,11.3
2022-05-01,대구광역시,35.8714,128.6014,-0.5,10.8,11.3
2022-06-01,대구광역시,35.8714,128.6014,-0.5,10.8,11.3
2022-07-01,대구광역시,35.8714,128.6014,-0.5,10.5,11.0
2022-08-01,대구광역시,35.8714,128.6014,-0.5,10.5,11.0
2022-09-01,대구광역시,35.8714,128.6014,-0.5,10.5,11.0
2022-10-01,대구광역시,35.8714,128.6014,-0.4,10.5,10.9
2022-11-01,대구광역시,35.8714,128.6014,-0.4,10.5,10.9
2022-12-01,대구광역시,35.8714,128.6014,-0.4,10.5,10.9
2023-01-01,대구광역시,35.8714,128.6014,-0.5,12.8,13.3
2023-02-01,대구광역시,35.8714,128.6014,-0.5,12.8,13.3
2023-03-01,대구광역시,35.8714,128.6014,-0.5,12.8,13.3
2023-04-01,대구광역시,35.8714,128.6014,-0.2,11.8,12.0
2023-05-01,대구광역시,35.8714,128.6014,-0.2,11.8,12.0
2023-06-01,대구광역시,35.8714,128.6014,-0.2,11.8,12.0
2023-07-01,대구광역시,35.8714,128.6014,-0.1,12.0,12.1
2023-08-01,대구광역시,35.8714,128.6014,-0.1,12.0,12.1
2023-09-01,대구광역시,35.8714,128.6014,-0.1,12.0,12.1
2023-10-01,대구광역시,35.8714,128.6014,-0.1,13.5,13.6
2023-11-01,대구광역시,35.8714,128.6014,-0.1,13.5,13.6
2023-12-01,대구광역시,35.8714,128.6014,-0.1,13.5,13.6
2024-01-01,대구광역시,35.8714,128.6014,-0.5,14.4,14.9
2024-02-01,대구광역시,35.8714,128.6014,-0.5,14.4,14.9
2024-03-01,대구광역시,35.8714,128.6014,-0.5,14.4,14.9
2024-04-01,대구광역시,35.8714,128.6014,-0.2,12.9,13.2
2024-05-01,대구광역시,35.8714,128.6014,-0.2,12.9,13.2
2024-06-01,대구광역시,35.8714,128.6014,-0.2,12.9,13.2
2024-07-01,대구광역시,35.8714,128.6014,0.0,12.1,12.1
2017-01-01,대전광역시,36.3504,127.3845,-0.9,16.7,17.6
2017-02-01,대전광역시,36.3504,127.3845,-0.9,16.7,17.6
2017-03-01,대전광역시,36.3504,127.3845,-0.9,16.7,17.6
2017-04-01,대전광역시,36.3504,127.3845,-1.3,13.5,14.9
2017-05-01,대전광역시,36.3504,127.3845,-1.3,13.5,14.9
2017-06-01,대전광역시,36.3504,127.3845,-1.3,13.5,14.9
2017-07-01,대전광역시,36.3504,127.3845,-0.7,13.1,13.8
2017-08-01,대전광역시,36.3504,127.3845,-0.7,13.1,13.8
2017-09-01,대전광역시,36.3504,127.3845,-0.7,13.1,13.8
2017-10-01,대전광역시,36.3504,127.3845,-1.4,13.2,14.6
2017-11-01,대전광역시,36.3504,127.3845,-1.4,13.2,14.6
2017-12-01,대전광역시,36.3504,127.3845,-1.4,13.2,14.6
2018-01-01,대전광역시,36.3504,127.3845,-1.4,16.3,17.7
2018-02-01,대전광역시,36.3504,127.3845,-1.4,16.3,17.7
2018-03-01,대전광역시,36.3504,127.3845,-1.4,16.3,17.7
2018-04-01,대전광역시,36.3504,127.3845,-0.9,13.4,14.3
2018-05-01,대전광역시,36.3504,127.3845,-0.9,13.4,14.3
2018-06-01,대전광역시,36.3504,127.3845,-0.9,13.4,14.3
2018-07-01,대전광역시,36.3504,127.3845,-0.5,13.2,13.7
2018-08-01,대전광역시,36.3504,127.3845,-0.5,13.2,13.7
2018-09-01,대전광역시,36.3504,127.3845,-0.5,13.2,13.7
2018-10-01,대전광역시,36.3504,127.3845,-1.1,14.5,15.7
2018-11-01,대전광역시,36.3504,127.3845,-1.1,14.5,15.7
2018-12-01,대전광역시,36.3504,127.3845,-1.1,14.5,15.7
2019-01-01,대전광역시,36.3504,127.3845,-1.0,16.9,17.9
2019-02-01,대전광역시,36.3504,127.3845,-1.0,16.9,17.9
2019-03-01,대전광역시,36.3504,127.3845,-1.0,16.9,17.9
2019-04-01,대전광역시,36.3504,127.3845,-1.1,12.3,13.4
2019-05-01,대전광역시,36.3504,127.3845,-1.1,12.3,13.4
2019-06-01,대전광역시,36.3504,127.3845,-1.1,12.3,13.4
2019-07-01,대전광역시,36.3504,127.3845,-1.0,13.5,14.5
2019-08-01,대전광역시,36.3504,127.3845,-1.0,13.5,14.5
2019-09-01,대전광역시,36.3504,127.3845,-1.0,13.5,14.5
2019-10-01,대전광역시,36.3504,127.3845,-1.3,15.0,16.4
2019-11-01,대전광역시,36.3504,127.3845,-1.3,15.0,16.4
2019-12-01,대전광역시,36.3504,127.3845,-1.3,15.0,16.4
2020-01-01,대전광역시,36.3504,127.3845,-0.9,18.5,19.4
2020-02-01,대전광역시,36.3504,127.3845,-0.9,18.5,19.4
2020-03-01,대전광역시,36.3504,127.3845,-0.9,18.5,19.4
2020-04-01,대전광역시,36.3504,127.3845,-0.2,15.2,15.4
2020-05-01,대전광역시,36.3504,127.3845,-0.2,15.2,15.4
2020-06-01,대전광역시,36.3504,127.3845,-0.2,15.2,15.4
2020-07-01,대전광역시,36.3504,127.3845,-0.6,14.2,14.8
2020-08-01,대전광역시,36.3504,127.3845,-0.6,14.2,14.8
2020-09-01,대전광역시,36.3504,127.3845,-0.6,14.2,14.8
2020-10-01,대전광역시,36.3504,127.3845,-1.4,15.7,17.1
2020-11-01,대전광역시,36.3504,127.3845,-1.4,15.7,17.1
2020-12-01,대전광역시,36.3504,127.3845,-1.4,15.7,17.1
2021-01-01,대전광역시,36.3504,127.3845,-0.9,17.4,18.2
2021-02-01,대전광역시,36.3504,127.3845,-0.9,17.4,18.2
2021-03-01,대전광역시,36.3504,127.3845,-0.9,17.4,18.2
2021-04-01,대전광역시,36.3504,127.3845,-0.7,12.7,13.4
2021-05-01,대전광역시,36.3504,127.3845,-0.7,12.7,13.4
2021-06-01,대전광역시,36.3504,127.3845,-0.7,12.7,13.4
2021-07-01,대전광역시,36.3504,127.3845,-0.3,12.9,13.2
2021-08-01,대전광역시,36.3504,127.3845,-0.3,12.9,13.2
2021-09-01,대전광역시,36.3504,127.3845,-0.3,12.9,13.2
2021-10-01,대전광역시,36.3504,127.3845,-0.6,15.5,16.1
2021-11-01,대전광역시,36.3504,127.3845,-0.6,15.5,16.1
2021-12-01,대전광역시,36.3504,127.3845,-0.6,15.5,16.1
2022-01-01,대전광역시,36.3504,127.3845,-0.5,17.3,17.8
2022-02-01,대전광역시,36.3504,127.3845,-0.5,17.3,17.8
2022-03-01,대전광역시,36.3504,127.3845,-0.5,17.3,17.8
2022-04-01,대전광역시,36.3504,127.3845,-0.3,13.1,13.4
2022-05-01,대전광역시,36.3504,127.3845,-0.3,13.1,13.4
2022-06-01,대전광역시,36.3504,127.3845,-0.3,13.1,13.4
2022-07-01,대전광역시,36.3504,127.3845,0.0,12.5,12.5
2022-08-01,대전광역시,36.3504,127.3845,0.0,12.5,12.5
2022-09-01,대전광역시,36.3504,127.3845,0.0,12.5,12.5
2022-10-01,대전광역시,36.3504,127.3845,0.0,12.3,12.4
2022-11-01,대전광역시,36.3504,127.3845,0.0,12.3,12.4
2022-12-01,대전광역시,36.3504,127.3845,0.0,12.3,12.4
2023-01-01,대전광역시,36.3504,127.3845,-0.1,15.7,15.8
2023-02-01,대전광역시,36.3504,127.3845,-0.1,15.7,15.8
2023-03-01,대전광역시,36.3504,127.3845,-0.1,15.7,15.8
2023-04-01,대전광역시,36.3504,127.3845,-0.1,12.3,12.4
2023-05-01,대전광역시,36.3504,127.3845,-0.1,12.3,12.4
2023-06-01,대전광역시,36.3504,127.3845,-0.1,12.3,12.4
2023-07-01,대전광역시,36.3504,127.3845,-0.1,11.2,11.3
2023-08-01,대전광역시,36.3504,127.3845,-0.1,11.2,11.3
2023-09-01,대전광역시,36.3504,127.3845,-0.1,11.2,11.3
2023-10-01,대전광역시,36.3504,127.3845,-0.4,12.5,12.9
2023-11-01,대전광역시,36.3504,127.3845,-0.4,12.5,12.9
2023-12-01,대전광역시,36.3504,127.3845,-0.4,12.5,12.9
2024-01-01,대전광역시,36.3504,127.3845,0.0,16.2,16.2
2024-02-01,대전광역시,36.3504,127.3845,0.0,16.2,16.2
2024-03-01,대전광역시,36.3504,127.3845,0.0,16.2,16.2
2024-04-01,대전광역시,36.3504,127.3845,-0.2,12.4,12.6
2024-05-01,대전광역시,36.3504,127.3845,-0.2,12.4,12.6
2024-06-01,대전광역시,36.3504,127.3845,-0.2,12.4,12.6
2024-07-01,대전광역시,36.3504,127.3845,0.0,13.3,13.3
2017-01-01,부산광역시,35.1796,129.0756,-0.6,14.8,15.4
2017-02-01,부산광역시,35.1796,129.0756,-0.6,14.8,15.4
2017-03-01,부산광역시,35.1796,129.0756,-0.6,14.8,15.4
2017-04-01,부산광역시,35.1796,129.0756,-0.8,12.2,13.0
2017-05-01,부산광역시,35.1796,129.0756,-0.8,12.2,13.0
2017-06-01,부산광역시,35.1796,129.0756,-0.8,12.2,13.0
2017-07-01,부산광역시,35.1796,129.0756,-0.5,12.7,13.2
2017-08-01,부산광역시,35.1796,129.0756,-0.5,12.7,13.2
2017-09-01,부산광역시,35.1796,129.0756,-0.5,12.7,13.2
2017-10-01,부산광역시,35.1796,129.0756,-1.4,11.3,12.6
2017-11-01,부산광역시,35.1796,129.0756,-1.4,11.3,12.6
2017-12-01,부산광역시,35.1796,129.0756,-1.4,11.3,12.6
2018-01-01,부산광역시,35.1796,129.0756,-0.8,13.9,14.7
2018-02-01,부산광역시,35.1796,129.0756,-0.8,13.9,14.7
2018-03-01,부산광역시,35.1796,129.0756,-0.8,13.9,14.7
2018-04-01,부산광역시,35.1796,129.0756,-0.9,12.2,13.1
2018-05-01,부산광역시,35.1796,129.0756,-0.9,12.2,13.1
2018-06-01,부산광역시,35.1796,129.0756,-0.9,12.2,13.1
2018-07-01,부산광역시,35.1796,129.0756,-0.7,10.8,11.4
2018-08-01,부산광역시,35.1796,129.0756,-0.7,10.8,11.4
2018-09-01,부산광역시,35.1796,129.0756,-0.7,10.8,11.4
2018-10-01,부산광역시,35.1796,129.0756,-0.8,11.8,12.6
2018-11-01,부산광역시,35.1796,129.0756,-0.8,11.8,12.6
2018-12-01,부산광역시,35.1796,129.0756,-0.8,11.8,12.6
2019-01-01,부산광역시,35.1796,129.0756,-0.7,13.6,14.3
2019-02-01,부산광역시,35.1796,129.0756,-0.7,13.6,14.3
2019-03-01,부산광역시,35.1796,129.0756,-0.7,13.6,14.3
2019-04-01,부산광역시,35.1796,129.0756,-0.7,11.4,12.1
2019-05-01,부산광역시,35.1796,129.0756,-0.7,11.4,12.1
2019-06-01,부산광역시,35.1796,129.0756,-0.7,11.4,12.1
2019-07-01,부산광역시,35.1796,129.0756,-0.6,11.0,11.6
2019-08-01,부산광역시,35.1796,129.0756,-0.6,11.0,11.6
2019-09-01,부산광역시,35.1796,129.0756,-0.6,11.0,11.6
2019-10-01,부산광역시,35.1796,129.0756,-0.7,12.5,13.3
2019-11-01,부산광역시,35.1796,129.0756,-0.7,12.5,13.3
2019-12-01,부산광역시,35.1796,129.0756,-0.7,12.5,13.3
2020-01-01,부산광역시,35.1796,129.0756,-0.2,16.3,16.5
2020-02-01,부산광역시,35.1796,129.0756,-0.2,16.3,16.5
2020-03-01,부산광역시,35.1796,129.0756,-0.2,16.3,16.5
2020-04-01,부산광역시,35.1796,129.0756,-0.5,13.4,13.9
2020-05-01,부산광역시,35.1796,129.0756,-0.5,13.4,13.9
2020-06-01,부산광역시,35.1796,129.0756,-0.5,13.4,13.9
2020-07-01,부산광역시,35.1796,129.0756,-0.4,13.7,14.1
2020-08-01,부산광역시,35.1796,129.0756,-0.4,13.7,14.1
2020-09-01,부산광역시,35.1796,129.0756,-0.4,13.7,14.1
2020-10-01,부산광역시,35.1796,129.0756,-0.6,15.0,15.6
2020-11-01,부산광역시,35.1796,129.0756,-0.6,15.0,15.6
2020-12-01,부산광역시,35.1796,129.0756,-0.6,15.0,15.6
2021-01-01,부산광역시,35.1796,129.0756,-0.6,15.7,16.3
2021-02-01,부산광역시,35.1796,129.0756,-0.6,15.7,16.3
2021-03-01,부산광역시,35.1796,129.0756,-0.6,15.7,16.3
2021-04-01,부산광역시,35.1796,129.0756,-0.6,13.0,13.6
2021-05-01,부산광역시,35.1796,129.0756,-0.6,13.0,13.6
2021-06-01,부산광역시,35.1796,129.0756,-0.6,13.0,13.6
2021-07-01,부산광역시,35.1796,129.0756,-0.5,12.2,12.7
2021-08-01,부산광역시,35.1796,129.0756,-0.5,12.2,12.7
2021-09-01,부산광역시,35.1796,129.0756,-0.5,12.2,12.7
2021-10-01,부산광역시,35.1796,129.0756,-0.6,11.9,12.5
2021-11-01,부산광역시,35.1796,129.0756,-0.6,11.9,12.5
2021-12-01,부산광역시,35.1796,129.0756,-0.6,11.9,12.5
2022-01-01,부산광역시,35.1796,129.0756,-0.4,14.2,14.6
2022-02-01,부산광역시,35.1796,129.0756,-0.4,14.2,14.6
2022-03-01,부산광역시,35.1796,129.0756,-0.4,14.2,14.6
2022-04-01,부산광역시,35.1796,129.0756,-0.4,10.8,11.2
2022-05-01,부산광역시,35.1796,129.0756,-0.4,10.8,11.2
2022-06-01,부산광역시,35.1796,129.0756,-0.4,10.8,11.2
2022-07-01,부산광역시,35.1796,129.0756,-0.5,10.2,10.7
2022-08-01,부산광역시,35.1796,129.0756,-0.5,10.2,10.7
2022-09-01,부산광역시,35.1796,129.0756,-0.5,10.2,10.7
2022-10-01,부산광역시,35.1796,129.0756,-0.4,11.2,11.5
2022-11-01,부산광역시,35.1796,129.0756,-0.4,11.2,11.5
2022-12-01,부산광역시,35.1796,129.0756,-0.4,11.2,11.5
2023-01-01,부산광역시,35.1796,129.0756,-0.2,13.1,13.2
2023-02-01,부산광역시,35.1796,129.0756,-0.2,13.1,13.2
2023-03-01,부산광역시,35.1796,129.0756,-0.2,13.1,13.2
2023-04-01,부산광역시,35.1796,129.0756,-0.5,10.0,10.5
2023-05-01,부산광역시,35.1796,129.0756,-0.5,10.0,10.5
2023-06-01,부산광역시,35.1796,129.0756,-0.5,10.0,10.5
2023-07-01,부산광역시,35.1796,129.0756,-0.4,10.3,10.6
2023-08-01,부산광역시,35.1796,129.0756,-0.4,10.3,10.6
2023-09-01,부산광역시,35.1796,129.0756,-0.4,10.3,10.6
2023-10-01,부산광역시,35.1796,129.0756,-0.4,10.9,11.3
2023-11-01,부산광역시,35.1796,129.0756,-0.4,10.9,11.3
2023-12-01,부산광역시,35.1796,129.0756,-0.4,10.9,11.3
2024-01-01,부산광역시,35.1796,129.0756,-0.3,14.1,14.4
2024-02-01,부산광역시,35.1796,129.0756,-0.3,14.1,14.4
2024-03-01,부산광역시,35.1796,129.0756,-0.3,14.1,14.4
2024-04-01,부산광역시,35.1796,129.0756,-0.5,10.3,10.8
2024-05-01,부산광역시,35.1796,129.0756,-0.5,10.3,10.8
2024-06-01,부산광역시,35.1796,129.0756,-0.5,10.3,10.8
2024-07-01,부산광역시,35.1796,129.0756,-0.5,10.4,10.9
2017-01-01,세종특별자치시,36.48,127.289,12.4,32.6,20.2
2017-02-01,세종특별자치시,36.48,127.289,12.4,32.6,20.2
2017-03-01,세종특별자치시,36.48,127.289,12.4,32.6,20.2
2017-04-01,세종특별자치시,36.48,127.289,17.7,36.9,19.2
2017-05-01,세종특별자치시,36.48,127.289,17.7,36.9,19.2
2017-06-01,세종특별자치시,36.48,127.289,17.7,36.9,19.2
2017-07-01,세종특별자치시,36.48,127.289,11.5,29.1,17.6
2017-08-01,세종특별자치시,36.48,127.289,11.5,29.1,17.6
2017-09-01,세종특별자치시,36.48,127.289,11.5,29.1,17.6
2017-10-01,세종특별자치시,36.48,127.289,11.7,27.7,16.0
2017-11-01,세종특별자치시,36.48,127.289,11.7,27.7,16.0
2017-12-01,세종특별자치시,36.48,127.289,11.7,27.7,16.0
2018-01-01,세종특별자치시,36.48,127.289,14.9,36.0,21.1
2018-02-01,세종특별자치시,36.48,127.289,14.9,36.0,21.1
2018-03-01,세종특별자치시,36.48,127.289,14.9,36.0,21.1
2018-04-01,세종특별자치시,36.48,127.289,11.6,30.4,18.8
2018-05-01,세종특별자치시,36.48,127.289,11.6,30.4,18.8
2018-06-01,세종특별자치시,36.48,127.289,11.6,30.4,18.8
2018-07-01,세종특별자치시,36.48,127.289,9.3,27.1,17.7
2018-08-01,세종특별자치시,36.48,127.289,9.3,27.1,17.7
2018-09-01,세종특별자치시,36.48,127.289,9.3,27.1,17.7
2018-10-01,세종특별자치시,36.48,127.289,6.9,23.3,16.4
2018-11-01,세종특별자치시,36.48,127.289,6.9,23.3,16.4
2018-12-01,세종특별자치시,36.48,127.289,6.9,23.3,16.4
2019-01-01,세종특별자치시,36.48,127.289,10.0,30.9,20.9
2019-02-01,세종특별자치시,36.48,127.289,10.0,30.9,20.9
2019-03-01,세종특별자치시,36.48,127.289,10.0,30.9,20.9
2019-04-01,세종특별자치시,36.48,127.289,5.2,20.1,14.8
2019-05-01,세종특별자치시,36.48,127.289,5.2,20.1,14.8
2019-06-01,세종특별자치시,36.48,127.289,5.2,20.1,14.8
2019-07-01,세종특별자치시,36.48,127.289,6.6,24.1,17.5
2019-08-01,세종특별자치시,36.48,127.289,6.6,24.1,17.5
2019-09-01,세종특별자치시,36.48,127.289,6.6,24.1,17.5
2019-10-01,세종특별자치시,36.48,127.289,7.3,26.0,18.7
2019-11-01,세종특별자치시,36.48,127.289,7.3,26.0,18.7
2019-12-01,세종특별자치시,36.48,127.289,7.3,26.0,18.7
2020-01-01,세종특별자치시,36.48,127.289,4.2,27.4,23.2
2020-02-01,세종특별자치시,36.48,127.289,4.2,27.4,23.2
2020-03-01,세종특별자치시,36.48,127.289,4.2,27.4,23.2
2020-04-01,세종특별자치시,36.48,127.289,0.0,15.4,15.4
2020-05-01,세종특별자치시,36.48,127.289,0.0,15.4,15.4
2020-06-01,세종특별자치시,36.48,127.289,0.0,15.4,15.4
2020-07-01,세종특별자치시,36.48,127.289,2.4,18.7,16.3
2020-08-01,세종특별자치시,36.48,127.289,2.4,18.7,16.3
2020-09-01,세종특별자치시,36.48,127.289,2.4,18.7,16.3
2020-10-01,세종특별자치시,36.48,127.289,8.3,29.8,21.4
2020-11-01,세종특별자치시,36.48,127.289,8.3,29.8,21.4
2020-12-01,세종특별자치시,36.48,127.289,8.3,29.8,21.4
2021-01-01,세종특별자치시,36.48,127.289,4.9,25.2,20.3
2021-02-01,세종특별자치시,36.48,127.289,4.9,25.2,20.3
2021-03-01,세종특별자치시,36.48,127.289,4.9,25.2,20.3
2021-04-01,세종특별자치시,36.48,127.289,2.2,16.3,14.1
2021-05-01,세종특별자치시,36.48,127.289,2.2,16.3,14.1
2021-06-01,세종특별자치시,36.48,127.289,2.2,16.3,14.1
2021-07-01,세종특별자치시,36.48,127.289,3.2,18.9,15.7
2021-08-01,세종특별자치시,36.48,127.289,3.2,18.9,15.7
2021-09-01,세종특별자치시,36.48,127.289,3.2,18.9,15.7
2021-10-01,세종특별자치시,36.48,127.289,5.3,24.5,19.3
2021-11-01,세종특별자치시,36.48,127.289,5.3,24.5,19.3
2021-12-01,세종특별자치시,36.48,127.289,5.3,24.5,19.3
2022-01-01,세종특별자치시,36.48,127.289,5.3,26.3,20.9
2022-02-01,세종특별자치시,36.48,127.289,5.3,26.3,20.9
2022-03-01,세종특별자치시,36.48,127.289,5.3,26.3,20.9
2022-04-01,세종특별자치시,36.48,127.289,2.7,15.9,13.2
2022-05-01,세종특별자치시,36.48,127.289,2.7,15.9,13.2
2022-06-01,세종특별자치시,36.48,127.289,2.7,15.9,13.2
2022-07-01,세종특별자치시,36.48,127.289,1.5,13.3,11.8
2022-08-01,세종특별자치시,36.48,127.289,1.5,13.3,11.8
2022-09-01,세종특별자치시,36.48,127.289,1.5,13.3,11.8
2022-10-01,세종특별자치시,36.48,127.289,1.3,14.1,12.8
2022-11-01,세종특별자치시,36.48,127.289,1.3,14.1,12.8
2022-12-01,세종특별자치시,36.48,127.289,1.3,14.1,12.8
2023-01-01,세종특별자치시,36.48,127.289,1.7,19.6,18.0
2023-02-01,세종특별자치시,36.48,127.289,1.7,19.6,18.0
2023-03-01,세종특별자치시,36.48,127.289,1.7,19.6,18.0
2023-04-01,세종특별자치시,36.48,127.289,0.2,12.1,12.0
2023-05-01,세종특별자치시,36.48,127.289,0.2,12.1,12.0
2023-06-01,세종특별자치시,36.48,127.289,0.2,12.1,12.0
2023-07-01,세종특별자치시,36.48,127.289,-0.4,12.5,12.9
2023-08-01,세종특별자치시,36.48,127.289,-0.4,12.5,12.9
2023-09-01,세종특별자치시,36.48,127.289,-0.4,12.5,12.9
2023-10-01,세종특별자치시,36.48,127.289,0.4,14.1,13.7
2023-11-01,세종특별자치시,36.48,127.289,0.4,14.1,13.7
2023-12-01,세종특별자치시,36.48,127.289,0.4,14.1,13.7
2024-01-01,세종특별자치시,36.48,127.289,0.6,20.6,20.0
2024-02-01,세종특별자치시,36.48,127.289,0.6,20.6,20.0
2024-03-01,세종특별자치시,36.48,127.289,0.6,20.6,20.0
2024-04-01,세종특별자치시,36.48,127.289,0.2,12.7,12.6
2024-05-01,세종특별자치시,36.48,127.289,0.2,12.7,12.6
2024-06-01,세종특별자치시,36.48,127.289,0.2,12.7,12.6
2024-07-01,세종특별자치시,36.48,127.289,1.2,15.4,14.2
2017-01-01,울산광역시,35.5384,129.3114,-1.6,13.0,14.6
2017-02-01,울산광역시,35.5384,129.3114,-1.6,13.0,14.6
2017-03-01,울산광역시,35.5384,129.3114,-1.6,13.0,14.6
2017-04-01,울산광역시,35.5384,129.3114,-0.9,10.9,11.8
2017-05-01,울산광역시,35.5384,129.3114,-0.9,10.9,11.8
2017-06-01,울산광역시,35.5384,129.3114,-0.9,10.9,11.8
2017-07-01,울산광역시,35.5384,129.3114,-1.2,10.8,12.0
2017-08-01,울산광역시,35.5384,129.3114,-1.2,10.8,12.0
2017-09-01,울산광역시,35.5384,129.3114,-1.2,10.8,12.0
2017-10-01,울산광역시,35.5384,129.3114,-0.4,11.9,12.3
2017-11-01,울산광역시,35.5384,129.3114,-0.4,11.9,12.3
2017-12-01,울산광역시,35.5384,129.3114,-0.4,11.9,12.3
2018-01-01,울산광역시,35.5384,129.3114,-1.3,13.5,14.8
2018-02-01,울산광역시,35.5384,129.3114,-1.3,13.5,14.8
2018-03-01,울산광역시,35.5384,129.3114,-1.3,13.5,14.8
2018-04-01,울산광역시,35.5384,129.3114,-1.2,10.6,11.8
2018-05-01,울산광역시,35.5384,129.3114,-1.2,10.6,11.8
2018-06-01,울산광역시,35.5384,129.3114,-1.2,10.6,11.8
2018-07-01,울산광역시,35.5384,129.3114,-1.1,9.5,10.5
2018-08-01,울산광역시,35.5384,129.3114,-1.1,9.5,10.5
2018-09-01,울산광역시,35.5384,129.3114,-1.1,9.5,10.5
2018-10-01,울산광역시,35.5384,129.3114,-0.9,10.8,11.7
2018-11-01,울산광역시,35.5384,129.3114,-0.9,10.8,11.7
2018-12-01,울산광역시,35.5384,129.3114,-0.9,10.8,11.7
2019-01-01,울산광역시,35.5384,129.3114,-1.2,14.5,15.7
2019-02-01,울산광역시,35.5384,129.3114,-1.2,14.5,15.7
2019-03-01,울산광역시,35.5384,129.3114,-1.2,14.5,15.7
2019-04-01,울산광역시,35.5384,129.3114,-0.8,12.3,13.1
2019-05-01,울산광역시,35.5384,129.3114,-0.8,12.3,13.1
2019-06-01,울산광역시,35.5384,129.3114,-0.8,12.3,13.1
2019-07-01,울산광역시,35.5384,129.3114,-0.7,10.7,11.4
2019-08-01,울산광역시,35.5384,129.3114,-0.7,10.7,11.4
2019-09-01,울산광역시,35.5384,129.3114,-0.7,10.7,11.4
2019-10-01,울산광역시,35.5384,129.3114,-0.8,12.1,12.9
2019-11-01,울산광역시,35.5384,129.3114,-0.8,12.1,12.9
2019-12-01,울산광역시,35.5384,129.3114,-0.8,12.1,12.9
2020-01-01,울산광역시,35.5384,129.3114,-1.4,14.5,15.9
2020-02-01,울산광역시,35.5384,129.3114,-1.4,14.5,15.9
2020-03-01,울산광역시,35.5384,129.3114,-1.4,14.5,15.9
2020-04-01,울산광역시,35.5384,129.3114,-1.0,11.2,12.2
2020-05-01,울산광역시,35.5384,129.3114,-1.0,11.2,12.2
2020-06-01,울산광역시,35.5384,129.3114,-1.0,11.2,12.2
2020-07-01,울산광역시,35.5384,129.3114,-1.2,10.3,11.5
2020-08-01,울산광역시,35.5384,129.3114,-1.2,10.3,11.5
2020-09-01,울산광역시,35.5384,129.3114,-1.2,10.3,11.5
2020-10-01,울산광역시,35.5384,129.3114,-1.3,11.9,13.2
2020-11-01,울산광역시,35.5384,129.3114,-1.3,11.9,13.2
2020-12-01,울산광역시,35.5384,129.3114,-1.3,11.9,13.2
2021-01-01,울산광역시,35.5384,129.3114,-2.0,13.9,15.9
2021-02-01,울산광역시,35.5384,129.3114,-2.0,13.9,15.9
2021-03-01,울산광역시,35.5384,129.3114,-2.0,13.9,15.9
2021-04-01,울산광역시,35.5384,129.3114,-1.1,10.7,11.8
2021-05-01,울산광역시,35.5384,129.3114,-1.1,10.7,11.8
2021-06-01,울산광역시,35.5384,129.3114,-1.1,10.7,11.8
2021-07-01,울산광역시,35.5384,129.3114,-1.2,10.4,11.6
2021-08-01,울산광역시,35.5384,129.3114,-1.2,10.4,11.6
2021-09-01,울산광역시,35.5384,129.3114,-1.2,10.4,11.6
2021-10-01,울산광역시,35.5384,129.3114,-0.6,11.3,11.8
2021-11-01,울산광역시,35.5384,129.3114,-0.6,11.3,11.8
2021-12-01,울산광역시,35.5384,129.3114,-0.6,11.3,11.8
2022-01-01,울산광역시,35.5384,129.3114,-1.3,11.7,13.0
2022-02-01,울산광역시,35.5384,129.3114,-1.3,11.7,13.0
2022-03-01,울산광역시,35.5384,129.3114,-1.3,11.7,13.0
2022-04-01,울산광역시,35.5384,129.3114,-0.8,10.0,10.8
2022-05-01,울산광역시,35.5384,129.3114,-0.8,10.0,10.8
2022-06-01,울산광역시,35.5384,129.3114,-0.8,10.0,10.8
2022-07-01,울산광역시,35.5384,129.3114,-0.9,8.5,9.4
2022-08-01,울산광역시,35.5384,129.3114,-0.9,8.5,9.4
2022-09-01,울산광역시,35.5384,129.3114,-0.9,8.5,9.4
2022-10-01,울산광역시,35.5384,129.3114,-0.5,8.6,9.1
2022-11-01,울산광역시,35.5384,129.3114,-0.5,8.6,9.1
2022-12-01,울산광역시,35.5384,129.3114,-0.5,8.6,9.1
2023-01-01,울산광역시,35.5384,129.3114,-1.0,10.5,11.5
2023-02-01,울산광역시,35.5384,129.3114,-1.0,10.5,11.5
2023-03-01,울산광역시,35.5384,129.3114,-1.0,10.5,11.5
2023-04-01,울산광역시,35.5384,129.3114,-0.6,9.8,10.4
2023-05-01,울산광역시,35.5384,129.3114,-0.6,9.8,10.4
2023-06-01,울산광역시,35.5384,129.3114,-0.6,9.8,10.4
2023-07-01,울산광역시,35.5384,129.3114,-0.6,9.8,10.4
2023-08-01,울산광역시,35.5384,129.3114,-0.6,9.8,10.4
2023-09-01,울산광역시,35.5384,129.3114,-0.6,9.8,10.4
2023-10-01,울산광역시,35.5384,129.3114,0.0,12.2,12.2
2023-11-01,울산광역시,35.5384,129.3114,0.0,12.2,12.2
2023-12-01,울산광역시,35.5384,129.3114,0.0,12.2,12.2
2024-01-01,울산광역시,35.5384,129.3114,-0.8,12.4,13.2
2024-02-01,울산광역시,35.5384,129.3114,-0.8,12.4,13.2
2024-03-01,울산광역시,35.5384,129.3114,-0.8,12.4,13.2
2024-04-01,울산광역시,35.5384,129.3114,-0.3,9.8,10.1
2024-05-01,울산광역시,35.5384,129.3114,-0.3,9.8,10.1
2024-06-01,울산광역시,35.5384,129.3114,-0.3,9.8,10.1
2024-07-01,울산광역시,35.5384,129.3114,-0.5,9.3,9.8
2017-01-01,인천광역시,37.4563,126.7052,0.0,14.6,14.6
2017-02-01,인천광역시,37.4563,126.7052,0.0,14.6,14.6
2017-03-01,인천광역시,37.4563,126.7052,0.0,14.6,14.6
2017-04-01,인천광역시,37.4563,126.7052,0.1,13.3,13.3
2017-05-01,인천광역시,37.4563,126.7052,0.1,13.3,13.3
2017-06-01,인천광역시,37.4563,126.7052,0.1,13.3,13.3
2017-07-01,인천광역시,37.4563,126.7052,-0.2,14.2,14.5
2017-08-01,인천광역시,37.4563,126.7052,-0.2,14.2,14.5
2017-09-01,인천광역시,37.4563,126.7052,-0.2,14.2,14.5
2017-10-01,인천광역시,37.4563,126.7052,0.0,14.0,14.0
2017-11-01,인천광역시,37.4563,126.7052,0.0,14.0,14.0
2017-12-01,인천광역시,37.4563,126.7052,0.0,14.0,14.0
2018-01-01,인천광역시,37.4563,126.7052,0.2,18.0,17.8
2018-02-01,인천광역시,37.4563,126.7052,0.2,18.0,17.8
2018-03-01,인천광역시,37.4563,126.7052,0.2,18.0,17.8
2018-04-01,인천광역시,37.4563,126.7052,0.1,14.6,14.5
2018-05-01,인천광역시,37.4563,126.7052,0.1,14.6,14.5
2018-06-01,인천광역시,37.4563,126.7052,0.1,14.6,14.5
2018-07-01,인천광역시,37.4563,126.7052,-0.3,11.9,12.2
2018-08-01,인천광역시,37.4563,126.7052,-0.3,11.9,12.2
2018-09-01,인천광역시,37.4563,126.7052,-0.3,11.9,12.2
2018-10-01,인천광역시,37.4563,126.7052,0.0,14.8,14.8
2018-11-01,인천광역시,37.4563,126.7052,0.0,14.8,14.8
2018-12-01,인천광역시,37.4563,126.7052,0.0,14.8,14.8
2019-01-01,인천광역시,37.4563,126.7052,0.1,15.9,15.8
2019-02-01,인천광역시,37.4563,126.7052,0.1,15.9,15.8
2019-03-01,인천광역시,37.4563,126.7052,0.1,15.9,15.8
2019-04-01,인천광역시,37.4563,126.7052,-0.1,14.2,14.3
2019-05-01,인천광역시,37.4563,126.7052,-0.1,14.2,14.3
2019-06-01,인천광역시,37.4563,126.7052,-0.1,14.2,14.3
2019-07-01,인천광역시,37.4563,126.7052,-0.2,13.4,13.6
2019-08-01,인천광역시,37.4563,126.7052,-0.2,13.4,13.6
2019-09-01,인천광역시,37.4563,126.7052,-0.2,13.4,13.6
2019-10-01,인천광역시,37.4563,126.7052,-0.1,14.0,14.1
2019-11-01,인천광역시,37.4563,126.7052,-0.1,14.0,14.1
2019-12-01,인천광역시,37.4563,126.7052,-0.1,14.0,14.1
2020-01-01,인천광역시,37.4563,126.7052,-0.6,15.7,16.3
2020-02-01,인천광역시,37.4563,126.7052,-0.6,15.7,16.3
2020-03-01,인천광역시,37.4563,126.7052,-0.6,15.7,16.3
2020-04-01,인천광역시,37.4563,126.7052,-0.8,14.9,15.7
2020-05-01,인천광역시,37.4563,126.7052,-0.8,14.9,15.7
2020-06-01,인천광역시,37.4563,126.7052,-0.8,14.9,15.7
2020-07-01,인천광역시,37.4563,126.7052,-0.8,14.9,15.7
2020-08-01,인천광역시,37.4563,126.7052,-0.8,14.9,15.7
2020-09-01,인천광역시,37.4563,126.7052,-0.8,14.9,15.7
2020-10-01,인천광역시,37.4563,126.7052,0.1,15.4,15.3
2020-11-01,인천광역시,37.4563,126.7052,0.1,15.4,15.3
2020-12-01,인천광역시,37.4563,126.7052,0.1,15.4,15.3
2021-01-01,인천광역시,37.4563,126.7052,-0.2,15.2,15.4
2021-02-01,인천광역시,37.4563,126.7052,-0.2,15.2,15.4
2021-03-01,인천광역시,37.4563,126.7052,-0.2,15.2,15.4
2021-04-01,인천광역시,37.4563,126.7052,0.0,14.5,14.4
2021-05-01,인천광역시,37.4563,126.7052,0.0,14.5,14.4
2021-06-01,인천광역시,37.4563,126.7052,0.0,14.5,14.4
2021-07-01,인천광역시,37.4563,126.7052,0.7,15.6,14.9
2021-08-01,인천광역시,37.4563,126.7052,0.7,15.6,14.9
2021-09-01,인천광역시,37.4563,126.7052,0.7,15.6,14.9
2021-10-01,인천광역시,37.4563,126.7052,1.0,14.0,13.0
2021-11-01,인천광역시,37.4563,126.7052,1.0,14.0,13.0
2021-12-01,인천광역시,37.4563,126.7052,1.0,14.0,13.0
2022-01-01,인천광역시,37.4563,126.7052,0.7,14.2,13.5
2022-02-01,인천광역시,37.4563,126.7052,0.7,14.2,13.5
2022-03-01,인천광역시,37.4563,126.7052,0.7,14.2,13.5
2022-04-01,인천광역시,37.4563,126.7052,0.8,13.5,12.7
2022-05-01,인천광역시,37.4563,126.7052,0.8,13.5,12.7
2022-06-01,인천광역시,37.4563,126.7052,0.8,13.5,12.7
2022-07-01,인천광역시,37.4563,126.7052,1.3,13.7,12.4
2022-08-01,인천광역시,37.4563,126.7052,1.3,13.7,12.4
2022-09-01,인천광역시,37.4563,126.7052,1.3,13.7,12.4
2022-10-01,인천광역시,37.4563,126.7052,1.1,12.5,11.4
2022-11-01,인천광역시,37.4563,126.7052,1.1,12.5,11.4
2022-12-01,인천광역시,37.4563,126.7052,1.1,12.5,11.4
2023-01-01,인천광역시,37.4563,126.7052,1.1,14.9,13.8
2023-02-01,인천광역시,37.4563,126.7052,1.1,14.9,13.8
2023-03-01,인천광역시,37.4563,126.7052,1.1,14.9,13.8
2023-04-01,인천광역시,37.4563,126.7052,0.7,12.9,12.3
2023-05-01,인천광역시,37.4563,126.7052,0.7,12.9,12.3
2023-06-01,인천광역시,37.4563,126.7052,0.7,12.9,12.3
2023-07-01,인천광역시,37.4563,126.7052,1.3,14.6,13.3
2023-08-01,인천광역시,37.4563,126.7052,1.3,14.6,13.3
2023-09-01,인천광역시,37.4563,126.7052,1.3,14.6,13.3
2023-10-01,인천광역시,37.4563,126.7052,1.5,14.8,13.3
2023-11-01,인천광역시,37.4563,126.7052,1.5,14.8,13.3
2023-12-01,인천광역시,37.4563,126.7052,1.5,14.8,13.3
2024-01-01,인천광역시,37.4563,126.7052,1.3,14.9,13.6
2024-02-01,인천광역시,37.4563,126.7052,1.3,14.9,13.6
2024-03-01,인천광역시,37.4563,126.7052,1.3,14.9,13.6
2024-04-01,인천광역시,37.4563,126.7052,0.7,13.1,12.4
2024-05-01,인천광역시,37.4563,126.7052,0.7,13.1,12.4
2024-06-01,인천광역시,37.4563,126.7052,0.7,13.1,12.4
2024-07-01,인천광역시,37.4563,126.7052,0.7,12.8,12.1
2017-01-01,전라남도,34.8006,126.2994,-0.7,14.3,15.0
2017-02-01,전라남도,34.8006,126.2994,-0.7,14.3,15.0
2017-03-01,전라남도,34.8006,126.2994,-0.7,14.3,15.0
2017-04-01,전라남도,34.8006,126.2994,0.0,10.8,10.9
2017-05-01,전라남도,34.8006,126.2994,0.0,10.8,10.9
2017-06-01,전라남도,34.8006,126.2994,0.0,10.8,10.9
2017-07-01,전라남도,34.8006,126.2994,-0.4,10.7,11.1
2017-08-01,전라남도,34.8006,126.2994,-0.4,10.7,11.1
2017-09-01,전라남도,34.8006,126.2994,-0.4,10.7,11.1
2017-10-01,전라남도,34.8006,126.2994,0.5,12.4,11.9
2017-11-01,전라남도,34.8006,126.2994,0.5,12.4,11.9
2017-12-01,전라남도,34.8006,126.2994,0.5,12.4,11.9
2018-01-01,전라남도,34.8006,126.2994,-0.9,14.3,15.2
2018-02-01,전라남도,34.8006,126.2994,-0.9,14.3,15.2
2018-03-01,전라남도,34.8006,126.2994,-0.9,14.3,15.2
2018-04-01,전라남도,34.8006,126.2994,-0.3,10.9,11.2
2018-05-01,전라남도,34.8006,126.2994,-0.3,10.9,11.2
2018-06-01,전라남도,34.8006,126.2994,-0.3,10.9,11.2
2018-07-01,전라남도,34.8006,126.2994,-0.9,10.2,11.1
2018-08-01,전라남도,34.8006,126.2994,-0.9,10.2,11.1
2018-09-01,전라남도,34.8006,126.2994,-0.9,10.2,11.1
2018-10-01,전라남도,34.8006,126.2994,0.4,12.6,12.2
2018-11-01,전라남도,34.8006,126.2994,0.4,12.6,12.2
2018-12-01,전라남도,34.8006,126.2994,0.4,12.6,12.2
2019-01-01,전라남도,34.8006,126.2994,-1.6,13.7,15.3
2019-02-01,전라남도,34.8006,126.2994,-1.6,13.7,15.3
2019-03-01,전라남도,34.8006,126.2994,-1.6,13.7,15.3
2019-04-01,전라남도,34.8006,126.2994,-0.5,10.9,11.5
2019-05-01,전라남도,34.8006,126.2994,-0.5,10.9,11.5
2019-06-01,전라남도,34.8006,126.2994,-0.5,10.9,11.5
2019-07-01,전라남도,34.8006,126.2994,-0.7,10.5,11.2
2019-08-01,전라남도,34.8006,126.2994,-0.7,10.5,11.2
2019-09-01,전라남도,34.8006,126.2994,-0.7,10.5,11.2
2019-10-01,전라남도,34.8006,126.2994,1.0,13.2,12.3
2019-11-01,전라남도,34.8006,126.2994,1.0,13.2,12.3
2019-12-01,전라남도,34.8006,126.2994,1.0,13.2,12.3
2020-01-01,전라남도,34.8006,126.2994,-1.6,14.2,15.8
2020-02-01,전라남도,34.8006,126.2994,-1.6,14.2,15.8
2020-03-01,전라남도,34.8006,126.2994,-1.6,14.2,15.8
2020-04-01,전라남도,34.8006,126.2994,-0.6,11.6,12.2
2020-05-01,전라남도,34.8006,126.2994,-0.6,11.6,12.2
2020-06-01,전라남도,34.8006,126.2994,-0.6,11.6,12.2
2020-07-01,전라남도,34.8006,126.2994,-0.4,12.1,12.5
2020-08-01,전라남도,34.8006,126.2994,-0.4,12.1,12.5
2020-09-01,전라남도,34.8006,126.2994,-0.4,12.1,12.5
2020-10-01,전라남도,34.8006,126.2994,0.6,13.9,13.4
2020-11-01,전라남도,34.8006,126.2994,0.6,13.9,13.4
2020-12-01,전라남도,34.8006,126.2994,0.6,13.9,13.4
2021-01-01,전라남도,34.8006,126.2994,-0.2,14.9,15.1
2021-02-01,전라남도,34.8006,126.2994,-0.2,14.9,15.1
2021-03-01,전라남도,34.8006,126.2994,-0.2,14.9,15.1
2021-04-01,전라남도,34.8006,126.2994,-0.1,11.1,11.2
2021-05-01,전라남도,34.8006,126.2994,-0.1,11.1,11.2
2021-06-01,전라남도,34.8006,126.2994,-0.1,11.1,11.2
2021-07-01,전라남도,34.8006,126.2994,-0.7,10.8,11.5
2021-08-01,전라남도,34.8006,126.2994,-0.7,10.8,11.5
2021-09-01,전라남도,34.8006,126.2994,-0.7,10.8,11.5
2021-10-01,전라남도,34.8006,126.2994,0.0,12.0,12.0
2021-11-01,전라남도,34.8006,126.2994,0.0,12.0,12.0
2021-12-01,전라남도,34.8006,126.2994,0.0,12.0,12.0
2022-01-01,전라남도,34.8006,126.2994,0.0,13.1,13.2
2022-02-01,전라남도,34.8006,126.2994,0.0,13.1,13.2
2022-03-01,전라남도,34.8006,126.2994,0.0,13.1,13.2
2022-04-01,전라남도,34.8006,126.2994,0.1,10.3,10.2
2022-05-01,전라남도,34.8006,126.2994,0.1,10.3,10.2
2022-06-01,전라남도,34.8006,126.2994,0.1,10.3,10.2
2022-07-01,전라남도,34.8006,126.2994,-0.3,9.1,9.4
2022-08-01,전라남도,34.8006,126.2994,-0.3,9.1,9.4
2022-09-01,전라남도,34.8006,126.2994,-0.3,9.1,9.4
2022-10-01,전라남도,34.8006,126.2994,0.1,9.7,9.5
2022-11-01,전라남도,34.8006,126.2994,0.1,9.7,9.5
2022-12-01,전라남도,34.8006,126.2994,0.1,9.7,9.5
2023-01-01,전라남도,34.8006,126.2994,-0.2,12.7,12.9
2023-02-01,전라남도,34.8006,126.2994,-0.2,12.7,12.9
2023-03-01,전라남도,34.8006,126.2994,-0.2,12.7,12.9
2023-04-01,전라남도,34.8006,126.2994,0.1,9.8,9.7
2023-05-01,전라남도,34.8006,126.2994,0.1,9.8,9.7
2023-06-01,전라남도,34.8006,126.2994,0.1,9.8,9.7
2023-07-01,전라남도,34.8006,126.2994,-0.4,9.0,9.4
2023-08-01,전라남도,34.8006,126.2994,-0.4,9.0,9.4
2023-09-01,전라남도,34.8006,126.2994,-0.4,9.0,9.4
2023-10-01,전라남도,34.8006,126.2994,0.1,9.2,9.1
2023-11-01,전라남도,34.8006,126.2994,0.1,9.2,9.1
2023-12-01,전라남도,34.8006,126.2994,0.1,9.2,9.1
2024-01-01,전라남도,34.8006,126.2994,-0.6,11.7,12.2
2024-02-01,전라남도,34.8006,126.2994,-0.6,11.7,12.2
2024-03-01,전라남도,34.8006,126.2994,-0.6,11.7,12.2
2024-04-01,전라남도,34.8006,126.2994,-0.2,9.3,9.4
2024-05-01,전라남도,34.8006,126.2994,-0.2,9.3,9.4
2024-06-01,전라남도,34.8006,126.2994,-0.2,9.3,9.4
2024-07-01,전라남도,34.8006,126.2994,-0.2,10.1,10.3
2017-01-01,전북특별자치도,35.8175,127.14,-0.7,15.2,15.9
2017-02-01,전북특별자치도,35.8175,127.14,-0.7,15.2,15.9
2017-03-01,전북특별자치도,35.8175,127.14,-0.7,15.2,15.9
2017-04-01,전북특별자치도,35.8175,127.14,-0.4,11.3,11.7
2017-05-01,전북특별자치도,35.8175,127.14,-0.4,11.3,11.7
2017-06-01,전북특별자치도,35.8175,127.14,-0.4,11.3,11.7
2017-07-01,전북특별자치도,35.8175,127.14,-0.4,11.4,11.8
2017-08-01,전북특별자치도,35.8175,127.14,-0.4,11.4,11.8
2017-09-01,전북특별자치도,35.8175,127.14,-0.4,11.4,11.8
2017-10-01,전북특별자치도,35.8175,127.14,0.0,12.4,12.4
2017-11-01,전북특별자치도,35.8175,127.14,0.0,12.4,12.4
2017-12-01,전북특별자치도,35.8175,127.14,0.0,12.4,12.4
2018-01-01,전북특별자치도,35.8175,127.14,-1.1,16.3,17.5
2018-02-01,전북특별자치도,35.8175,127.14,-1.1,16.3,17.5
2018-03-01,전북특별자치도,35.8175,127.14,-1.1,16.3,17.5
2018-04-01,전북특별자치도,35.8175,127.14,-0.6,12.8,13.4
2018-05-01,전북특별자치도,35.8175,127.14,-0.6,12.8,13.4
2018-06-01,전북특별자치도,35.8175,127.14,-0.6,12.8,13.4
2018-07-01,전북특별자치도,35.8175,127.14,-0.7,11.1,11.9
2018-08-01,전북특별자치도,35.8175,127.14,-0.7,11.1,11.9
2018-09-01,전북특별자치도,35.8175,127.14,-0.7,11.1,11.9
2018-10-01,전북특별자치도,35.8175,127.14,-0.6,12.9,13.4
2018-11-01,전북특별자치도,35.8175,127.14,-0.6,12.9,13.4
2018-12-01,전북특별자치도,35.8175,127.14,-0.6,12.9,13.4
2019-01-01,전북특별자치도,35.8175,127.14,-1.1,15.3,16.4
2019-02-01,전북특별자치도,35.8175,127.14,-1.1,15.3,16.4
2019-03-01,전북특별자치도,35.8175,127.14,-1.1,15.3,16.4
2019-04-01,전북특별자치도,35.8175,127.14,-0.6,11.2,11.8
2019-05-01,전북특별자치도,35.8175,127.14,-0.6,11.2,11.8
2019-06-01,전북특별자치도,35.8175,127.14,-0.6,11.2,11.8
2019-07-01,전북특별자치도,35.8175,127.14,-0.6,11.1,11.7
2019-08-01,전북특별자치도,35.8175,127.14,-0.6,11.1,11.7
2019-09-01,전북특별자치도,35.8175,127.14,-0.6,11.1,11.7
2019-10-01,전북특별자치도,35.8175,127.14,-0.5,12.8,13.4
2019-11-01,전북특별자치도,35.8175,127.14,-0.5,12.8,13.4
2019-12-01,전북특별자치도,35.8175,127.14,-0.5,12.8,13.4
2020-01-01,전북특별자치도,35.8175,127.14,-1.0,15.7,16.6
2020-02-01,전북특별자치도,35.8175,127.14,-1.0,15.7,16.6
2020-03-01,전북특별자치도,35.8175,127.14,-1.0,15.7,16.6
2020-04-01,전북특별자치도,35.8175,127.14,-0.6,12.8,13.4
2020-05-01,전북특별자치도,35.8175,127.14,-0.6,12.8,13.4
2020-06-01,전북특별자치도,35.8175,127.14,-0.6,12.8,13.4
2020-07-01,전북특별자치도,35.8175,127.14,-0.2,13.2,13.4
2020-08-01,전북특별자치도,35.8175,127.14,-0.2,13.2,13.4
2020-09-01,전북특별자치도,35.8175,127.14,-0.2,13.2,13.4
2020-10-01,전북특별자치도,35.8175,127.14,-0.1,13.8,13.9
2020-11-01,전북특별자치도,35.8175,127.14,-0.1,13.8,13.9
2020-12-01,전북특별자치도,35.8175,127.14,-0.1,13.8,13.9
2021-01-01,전북특별자치도,35.8175,127.14,-0.6,14.3,14.8
2021-02-01,전북특별자치도,35.8175,127.14,-0.6,14.3,14.8
2021-03-01,전북특별자치도,35.8175,127.14,-0.6,14.3,14.8
2021-04-01,전북특별자치도,35.8175,127.14,0.0,11.6,11.6
2021-05-01,전북특별자치도,35.8175,127.14,0.0,11.6,11.6
2021-06-01,전북특별자치도,35.8175,127.14,0.0,11.6,11.6
2021-07-01,전북특별자치도,35.8175,127.14,-0.4,11.8,12.1
2021-08-01,전북특별자치도,35.8175,127.14,-0.4,11.8,12.1
2021-09-01,전북특별자치도,35.8175,127.14,-0.4,11.8,12.1
2021-10-01,전북특별자치도,35.8175,127.14,-0.4,12.5,12.9
2021-11-01,전북특별자치도,35.8175,127.14,-0.4,12.5,12.9
2021-12-01,전북특별자치도,35.8175,127.14,-0.4,12.5,12.9
2022-01-01,전북특별자치도,35.8175,127.14,-0.5,12.7,13.2
2022-02-01,전북특별자치도,35.8175,127.14,-0.5,12.7,13.2
2022-03-01,전북특별자치도,35.8175,127.14,-0.5,12.7,13.2
2022-04-01,전북특별자치도,35.8175,127.14,-0.2,10.7,10.9
2022-05-01,전북특별자치도,35.8175,127.14,-0.2,10.7,10.9
2022-06-01,전북특별자치도,35.8175,127.14,-0.2,10.7,10.9
2022-07-01,전북특별자치도,35.8175,127.14,-0.3,10.8,11.2
2022-08-01,전북특별자치도,35.8175,127.14,-0.3,10.8,11.2
2022-09-01,전북특별자치도,35.8175,127.14,-0.3,10.8,11.2
2022-10-01,전북특별자치도,35.8175,127.14,-0.1,10.9,10.9
2022-11-01,전북특별자치도,35.8175,127.14,-0.1,10.9,10.9
2022-12-01,전북특별자치도,35.8175,127.14,-0.1,10.9,10.9
2023-01-01,전북특별자치도,35.8175,127.14,-0.4,12.9,13.3
2023-02-01,전북특별자치도,35.8175,127.14,-0.4,12.9,13.3
2023-03-01,전북특별자치도,35.8175,127.14,-0.4,12.9,13.3
2023-04-01,전북특별자치도,35.8175,127.14,-0.2,9.8,10.0
2023-05-01,전북특별자치도,35.8175,127.14,-0.2,9.8,10.0
2023-06-01,전북특별자치도,35.8175,127.14,-0.2,9.8,10.0
2023-07-01,전북특별자치도,35.8175,127.14,-0.2,10.1,10.4
2023-08-01,전북특별자치도,35.8175,127.14,-0.2,10.1,10.4
2023-09-01,전북특별자치도,35.8175,127.14,-0.2,10.1,10.4
2023-10-01,전북특별자치도,35.8175,127.14,-0.2,10.2,10.4
2023-11-01,전북특별자치도,35.8175,127.14,-0.2,10.2,10.4
2023-12-01,전북특별자치도,35.8175,127.14,-0.2,10.2,10.4
2024-01-01,전북특별자치도,35.8175,127.14,-0.6,12.9,13.5
2024-02-01,전북특별자치도,35.8175,127.14,-0.6,12.9,13.5
2024-03-01,전북특별자치도,35.8175,127.14,-0.6,12.9,13.5
2024-04-01,전북특별자치도,35.8175,127.14,-0.3,10.4,10.7
2024-05-01,전북특별자치도,35.8175,127.14,-0.3,10.4,10.7
2024-06-01,전북특별자치도,35.8175,127.14,-0.3,10.4,10.7
2024-07-01,전북특별자치도,35.8175,127.14,-0.4,10.2,10.6
2017-01-01,제주특별자치도,33.4996,126.5312,1.9,22.0,20.1
2017-02-01,제주특별자치도,33.4996,126.5312,1.9,22.0,20.1
2017-03-01,제주특별자치도,33.4996,126.5312,1.9,22.0,20.1
2017-04-01,제주특별자치도,33.4996,126.5312,2.0,14.0,12.0
2017-05-01,제주특별자치도,33.4996,126.5312,2.0,14.0,12.0
2017-06-01,제주특별자치도,33.4996,126.5312,2.0,14.0,12.0
2017-07-01,제주특별자치도,33.4996,126.5312,2.7,14.3,11.7
2017-08-01,제주특별자치도,33.4996,126.5312,2.7,14.3,11.7
2017-09-01,제주특별자치도,33.4996,126.5312,2.7,14.3,11.7
2017-10-01,제주특별자치도,33.4996,126.5312,2.1,15.1,13.0
2017-11-01,제주특별자치도,33.4996,126.5312,2.1,15.1,13.0
2017-12-01,제주특별자치도,33.4996,126.5312,2.1,15.1,13.0
2018-01-01,제주특별자치도,33.4996,126.5312,2.0,21.6,19.6
2018-02-01,제주특별자치도,33.4996,126.5312,2.0,21.6,19.6
2018-03-01,제주특별자치도,33.4996,126.5312,2.0,21.6,19.6
2018-04-01,제주특별자치도,33.4996,126.5312,1.7,14.3,12.7
2018-05-01,제주특별자치도,33.4996,126.5312,1.7,14.3,12.7
2018-06-01,제주특별자치도,33.4996,126.5312,1.7,14.3,12.7
2018-07-01,제주특별자치도,33.4996,126.5312,1.3,13.2,11.9
2018-08-01,제주특별자치도,33.4996,126.5312,1.3,13.2,11.9
2018-09-01,제주특별자치도,33.4996,126.5312,1.3,13.2,11.9
2018-10-01,제주특별자치도,33.4996,126.5312,0.4,14.4,14.0
2018-11-01,제주특별자치도,33.4996,126.5312,0.4,14.4,14.0
2018-12-01,제주특별자치도,33.4996,126.5312,0.4,14.4,14.0
2019-01-01,제주특별자치도,33.4996,126.5312,0.5,18.8,18.4
2019-02-01,제주특별자치도,33.4996,126.5312,0.5,18.8,18.4
2019-03-01,제주특별자치도,33.4996,126.5312,0.5,18.8,18.4
2019-04-01,제주특별자치도,33.4996,126.5312,0.8,12.8,11.9
2019-05-01,제주특별자치도,33.4996,126.5312,0.8,12.8,11.9
2019-06-01,제주특별자치도,33.4996,126.5312,0.8,12.8,11.9
2019-07-01,제주특별자치도,33.4996,126.5312,0.4,12.1,11.7
2019-08-01,제주특별자치도,33.4996,126.5312,0.4,12.1,11.7
2019-09-01,제주특별자치도,33.4996,126.5312,0.4,12.1,11.7
2019-10-01,제주특별자치도,33.4996,126.5312,0.1,13.6,13.5
2019-11-01,제주특별자치도,33.4996,126.5312,0.1,13.6,13.5
2019-12-01,제주특별자치도,33.4996,126.5312,0.1,13.6,13.5
2020-01-01,제주특별자치도,33.4996,126.5312,-0.3,17.8,18.2
2020-02-01,제주특별자치도,33.4996,126.5312,-0.3,17.8,18.2
2020-03-01,제주특별자치도,33.4996,126.5312,-0.3,17.8,18.2
2020-04-01,제주특별자치도,33.4996,126.5312,0.4,14.3,13.8
2020-05-01,제주특별자치도,33.4996,126.5312,0.4,14.3,13.8
2020-06-01,제주특별자치도,33.4996,126.5312,0.4,14.3,13.8
2020-07-01,제주특별자치도,33.4996,126.5312,0.9,12.9,12.0
2020-08-01,제주특별자치도,33.4996,126.5312,0.9,12.9,12.0
2020-09-01,제주특별자치도,33.4996,126.5312,0.9,12.9,12.0
2020-10-01,제주특별자치도,33.4996,126.5312,1.1,14.0,12.9
2020-11-01,제주특별자치도,33.4996,126.5312,1.1,14.0,12.9
2020-12-01,제주특별자치도,33.4996,126.5312,1.1,14.0,12.9
2021-01-01,제주특별자치도,33.4996,126.5312,0.4,18.0,17.6
2021-02-01,제주특별자치도,33.4996,126.5312,0.4,18.0,17.6
2021-03-01,제주특별자치도,33.4996,126.5312,0.4,18.0,17.6
2021-04-01,제주특별자치도,33.4996,126.5312,0.8,12.8,11.9
2021-05-01,제주특별자치도,33.4996,126.5312,0.8,12.8,11.9
2021-06-01,제주특별자치도,33.4996,126.5312,0.8,12.8,11.9
2021-07-01,제주특별자치도,33.4996,126.5312,0.5,12.7,12.2
2021-08-01,제주특별자치도,33.4996,126.5312,0.5,12.7,12.2
2021-09-01,제주특별자치도,33.4996,126.5312,0.5,12.7,12.2
2021-10-01,제주특별자치도,33.4996,126.5312,0.6,13.2,12.6
2021-11-01,제주특별자치도,33.4996,126.5312,0.6,13.2,12.6
2021-12-01,제주특별자치도,33.4996,126.5312,0.6,13.2,12.6
2022-01-01,제주특별자치도,33.4996,126.5312,0.4,16.9,16.5
2022-02-01,제주특별자치도,33.4996,126.5312,0.4,16.9,16.5
2022-03-01,제주특별자치도,33.4996,126.5312,0.4,16.9,16.5
2022-04-01,제주특별자치도,33.4996,126.5312,0.7,12.0,11.4
2022-05-01,제주특별자치도,33.4996,126.5312,0.7,12.0,11.4
2022-06-01,제주특별자치도,33.4996,126.5312,0.7,12.0,11.4
2022-07-01,제주특별자치도,33.4996,126.5312,0.7,11.6,10.9
2022-08-01,제주특별자치도,33.4996,126.5312,0.7,11.6,10.9
2022-09-01,제주특별자치도,33.4996,126.5312,0.7,11.6,10.9
2022-10-01,제주특별자치도,33.4996,126.5312,0.1,11.1,11.0
2022-11-01,제주특별자치도,33.4996,126.5312,0.1,11.1,11.0
2022-12-01,제주특별자치도,33.4996,126.5312,0.1,11.1,11.0
2023-01-01,제주특별자치도,33.4996,126.5312,-0.6,16.0,16.5
2023-02-01,제주특별자치도,33.4996,126.5312,-0.6,16.0,16.5
2023-03-01,제주특별자치도,33.4996,126.5312,-0.6,16.0,16.5
2023-04-01,제주특별자치도,33.4996,126.5312,0.1,10.7,10.6
2023-05-01,제주특별자치도,33.4996,126.5312,0.1,10.7,10.6
2023-06-01,제주특별자치도,33.4996,126.5312,0.1,10.7,10.6
2023-07-01,제주특별자치도,33.4996,126.5312,-0.2,10.9,11.1
2023-08-01,제주특별자치도,33.4996,126.5312,-0.2,10.9,11.1
2023-09-01,제주특별자치도,33.4996,126.5312,-0.2,10.9,11.1
2023-10-01,제주특별자치도,33.4996,126.5312,-0.4,10.9,11.3
2023-11-01,제주특별자치도,33.4996,126.5312,-0.4,10.9,11.3
2023-12-01,제주특별자치도,33.4996,126.5312,-0.4,10.9,11.3
2024-01-01,제주특별자치도,33.4996,126.5312,-1.0,15.6,16.6
2024-02-01,제주특별자치도,33.4996,126.5312,-1.0,15.6,16.6
2024-03-01,제주특별자치도,33.4996,126.5312,-1.0,15.6,16.6
2024-04-01,제주특별자치도,33.4996,126.5312,-0.3,11.1,11.4
2024-05-01,제주특별자치도,33.4996,126.5312,-0.3,11.1,11.4
2024-06-01,제주특별자치도,33.4996,126.5312,-0.3,11.1,11.4
2024-07-01,제주특별자치도,33.4996,126.5312,-0.5,10.9,11.4
2017-01-01,충청남도,36.6353,126.7404,1.0,16.7,15.7
2017-02-01,충청남도,36.6353,126.7404,1.0,16.7,15.7
2017-03-01,충청남도,36.6353,126.7404,1.0,16.7,15.7
2017-04-01,충청남도,36.6353,126.7404,1.0,12.6,11.7
2017-05-01,충청남도,36.6353,126.7404,1.0,12.6,11.7
2017-06-01,충청남도,36.6353,126.7404,1.0,12.6,11.7
2017-07-01,충청남도,36.6353,126.7404,0.9,13.4,12.4
2017-08-01,충청남도,36.6353,126.7404,0.9,13.4,12.4
2017-09-01,충청남도,36.6353,126.7404,0.9,13.4,12.4
2017-10-01,충청남도,36.6353,126.7404,0.7,12.5,11.8
2017-11-01,충청남도,36.6353,126.7404,0.7,12.5,11.8
2017-12-01,충청남도,36.6353,126.7404,0.7,12.5,11.8
2018-01-01,충청남도,36.6353,126.7404,0.6,16.1,15.5
2018-02-01,충청남도,36.6353,126.7404,0.6,16.1,15.5
2018-03-01,충청남도,36.6353,126.7404,0.6,16.1,15.5
2018-04-01,충청남도,36.6353,126.7404,0.5,13.9,13.4
2018-05-01,충청남도,36.6353,126.7404,0.5,13.9,13.4
2018-06-01,충청남도,36.6353,126.7404,0.5,13.9,13.4
2018-07-01,충청남도,36.6353,126.7404,0.3,12.3,12.0
2018-08-01,충청남도,36.6353,126.7404,0.3,12.3,12.0
2018-09-01,충청남도,36.6353,126.7404,0.3,12.3,12.0
2018-10-01,충청남도,36.6353,126.7404,0.6,13.2,12.7
2018-11-01,충청남도,36.6353,126.7404,0.6,13.2,12.7
2018-12-01,충청남도,36.6353,126.7404,0.6,13.2,12.7
2019-01-01,충청남도,36.6353,126.7404,0.0,14.7,14.8
2019-02-01,충청남도,36.6353,126.7404,0.0,14.7,14.8
2019-03-01,충청남도,36.6353,126.7404,0.0,14.7,14.8
2019-04-01,충청남도,36.6353,126.7404,0.1,11.2,11.1
2019-05-01,충청남도,36.6353,126.7404,0.1,11.2,11.1
2019-06-01,충청남도,36.6353,126.7404,0.1,11.2,11.1
2019-07-01,충청남도,36.6353,126.7404,-0.1,11.3,11.5
2019-08-01,충청남도,36.6353,126.7404,-0.1,11.3,11.5
2019-09-01,충청남도,36.6353,126.7404,-0.1,11.3,11.5
2019-10-01,충청남도,36.6353,126.7404,-0.1,11.8,11.9
2019-11-01,충청남도,36.6353,126.7404,-0.1,11.8,11.9
2019-12-01,충청남도,36.6353,126.7404,-0.1,11.8,11.9
2020-01-01,충청남도,36.6353,126.7404,-0.6,15.1,15.7
2020-02-01,충청남도,36.6353,126.7404,-0.6,15.1,15.7
2020-03-01,충청남도,36.6353,126.7404,-0.6,15.1,15.7
2020-04-01,충청남도,36.6353,126.7404,0.1,13.3,13.2
2020-05-01,충청남도,36.6353,126.7404,0.1,13.3,13.2
2020-06-01,충청남도,36.6353,126.7404,0.1,13.3,13.2
2020-07-01,충청남도,36.6353,126.7404,0.2,12.6,12.4
2020-08-01,충청남도,36.6353,126.7404,0.2,12.6,12.4
2020-09-01,충청남도,36.6353,126.7404,0.2,12.6,12.4
2020-10-01,충청남도,36.6353,126.7404,0.3,13.5,13.1
2020-11-01,충청남도,36.6353,126.7404,0.3,13.5,13.1
2020-12-01,충청남도,36.6353,126.7404,0.3,13.5,13.1
2021-01-01,충청남도,36.6353,126.7404,0.1,15.7,15.7
2021-02-01,충청남도,36.6353,126.7404,0.1,15.7,15.7
2021-03-01,충청남도,36.6353,126.7404,0.1,15.7,15.7
2021-04-01,충청남도,36.6353,126.7404,0.6,12.9,12.2
2021-05-01,충청남도,36.6353,126.7404,0.6,12.9,12.2
2021-06-01,충청남도,36.6353,126.7404,0.6,12.9,12.2
2021-07-01,충청남도,36.6353,126.7404,0.3,12.6,12.4
2021-08-01,충청남도,36.6353,126.7404,0.3,12.6,12.4
2021-09-01,충청남도,36.6353,126.7404,0.3,12.6,12.4
2021-10-01,충청남도,36.6353,126.7404,0.6,12.4,11.7
2021-11-01,충청남도,36.6353,126.7404,0.6,12.4,11.7
2021-12-01,충청남도,36.6353,126.7404,0.6,12.4,11.7
2022-01-01,충청남도,36.6353,126.7404,0.4,14.6,14.2
2022-02-01,충청남도,36.6353,126.7404,0.4,14.6,14.2
2022-03-01,충청남도,36.6353,126.7404,0.4,14.6,14.2
2022-04-01,충청남도,36.6353,126.7404,0.7,12.2,11.6
2022-05-01,충청남도,36.6353,126.7404,0.7,12.2,11.6
2022-06-01,충청남도,36.6353,126.7404,0.7,12.2,11.6
2022-07-01,충청남도,36.6353,126.7404,0.7,11.2,10.5
2022-08-01,충청남도,36.6353,126.7404,0.7,11.2,10.5
2022-09-01,충청남도,36.6353,126.7404,0.7,11.2,10.5
2022-10-01,충청남도,36.6353,126.7404,0.9,11.4,10.4
2022-11-01,충청남도,36.6353,126.7404,0.9,11.4,10.4
2022-12-01,충청남도,36.6353,126.7404,0.9,11.4,10.4
2023-01-01,충청남도,36.6353,126.7404,0.7,15.4,14.6
2023-02-01,충청남도,36.6353,126.7404,0.7,15.4,14.6
2023-03-01,충청남도,36.6353,126.7404,0.7,15.4,14.6
2023-04-01,충청남도,36.6353,126.7404,0.7,11.0,10.3
2023-05-01,충청남도,36.6353,126.7404,0.7,11.0,10.3
2023-06-01,충청남도,36.6353,126.7404,0.7,11.0,10.3
2023-07-01,충청남도,36.6353,126.7404,0.6,11.9,11.3
2023-08-01,충청남도,36.6353,126.7404,0.6,11.9,11.3
2023-09-01,충청남도,36.6353,126.7404,0.6,11.9,11.3
2023-10-01,충청남도,36.6353,126.7404,1.0,11.9,11.0
2023-11-01,충청남도,36.6353,126.7404,1.0,11.9,11.0
2023-12-01,충청남도,36.6353,126.7404,1.0,11.9,11.0
2024-01-01,충청남도,36.6353,126.7404,0.9,15.9,15.0
2024-02-01,충청남도,36.6353,126.7404,0.9,15.9,15.0
2024-03-01,충청남도,36.6353,126.7404,0.9,15.9,15.0
2024-04-01,충청남도,36.6353,126.7404,0.8,11.6,10.9
2024-05-01,충청남도,36.6353,126.7404,0.8,11.6,10.9
2024-06-01,충청남도,36.6353,126.7404,0.8,11.6,10.9
2024-07-01,충청남도,36.6353,126.7404,0.4,11.4,10.9
2017-01-01,충청북도,36.6297,127.921,0.0,14.6,14.6
2017-02-01,충청북도,36.6297,127.921,0.0,14.6,14.6
2017-03-01,충청북도,36.6297,127.921,0.0,14.6,14.6
2017-04-01,충청북도,36.6297,127.921,0.2,11.7,11.5
2017-05-01,충청북도,36.6297,127.921,0.2,11.7,11.5
2017-06-01,충청북도,36.6297,127.921,0.2,11.7,11.5
2017-07-01,충청북도,36.6297,127.921,0.1,11.8,11.8
2017-08-01,충청북도,36.6297,127.921,0.1,11.8,11.8
2017-09-01,충청북도,36.6297,127.921,0.1,11.8,11.8
2017-10-01,충청북도,36.6297,127.921,0.3,11.8,11.5
2017-11-01,충청북도,36.6297,127.921,0.3,11.8,11.5
2017-12-01,충청북도,36.6297,127.921,0.3,11.8,11.5
2018-01-01,충청북도,36.6297,127.921,0.2,15.4,15.2
2018-02-01,충청북도,36.6297,127.921,0.2,15.4,15.2
2018-03-01,충청북도,36.6297,127.921,0.2,15.4,15.2
2018-04-01,충청북도,36.6297,127.921,0.2,12.1,11.9
2018-05-01,충청북도,36.6297,127.921,0.2,12.1,11.9
2018-06-01,충청북도,36.6297,127.921,0.2,12.1,11.9
2018-07-01,충청북도,36.6297,127.921,0.2,11.4,11.2
2018-08-01,충청북도,36.6297,127.921,0.2,11.4,11.2
2018-09-01,충청북도,36.6297,127.921,0.2,11.4,11.2
2018-10-01,충청북도,36.6297,127.921,0.7,16.3,15.6
2018-11-01,충청북도,36.6297,127.921,0.7,16.3,15.6
2018-12-01,충청북도,36.6297,127.921,0.7,16.3,15.6
2019-01-01,충청북도,36.6297,127.921,0.0,15.3,15.4
2019-02-01,충청북도,36.6297,127.921,0.0,15.3,15.4
2019-03-01,충청북도,36.6297,127.921,0.0,15.3,15.4
2019-04-01,충청북도,36.6297,127.921,0.3,11.6,11.3
2019-05-01,충청북도,36.6297,127.921,0.3,11.6,11.3
2019-06-01,충청북도,36.6297,127.921,0.3,11.6,11.3
2019-07-01,충청북도,36.6297,127.921,0.0,11.5,11.5
2019-08-01,충청북도,36.6297,127.921,0.0,11.5,11.5
2019-09-01,충청북도,36.6297,127.921,0.0,11.5,11.5
2019-10-01,충청북도,36.6297,127.921,0.4,14.8,14.4
2019-11-01,충청북도,36.6297,127.921,0.4,14.8,14.4
2019-12-01,충청북도,36.6297,127.921,0.4,14.8,14.4
2020-01-01,충청북도,36.6297,127.921,-0.4,16.0,16.4
2020-02-01,충청북도,36.6297,127.921,-0.4,16.0,16.4
2020-03-01,충청북도,36.6297,127.921,-0.4,16.0,16.4
2020-04-01,충청북도,36.6297,127.921,0.1,13.6,13.5
2020-05-01,충청북도,36.6297,127.921,0.1,13.6,13.5
2020-06-01,충청북도,36.6297,127.921,0.1,13.6,13.5
2020-07-01,충청북도,36.6297,127.921,0.3,12.6,12.3
2020-08-01,충청북도,36.6297,127.921,0.3,12.6,12.3
2020-09-01,충청북도,36.6297,127.921,0.3,12.6,12.3
2020-10-01,충청북도,36.6297,127.921,0.8,15.7,14.8
2020-11-01,충청북도,36.6297,127.921,0.8,15.7,14.8
2020-12-01,충청북도,36.6297,127.921,0.8,15.7,14.8
2021-01-01,충청북도,36.6297,127.921,-0.4,15.8,16.1
2021-02-01,충청북도,36.6297,127.921,-0.4,15.8,16.1
2021-03-01,충청북도,36.6297,127.921,-0.4,15.8,16.1
2021-04-01,충청북도,36.6297,127.921,0.8,13.2,12.4
2021-05-01,충청북도,36.6297,127.921,0.8,13.2,12.4
2021-06-01,충청북도,36.6297,127.921,0.8,13.2,12.4
2021-07-01,충청북도,36.6297,127.921,0.0,12.0,12.0
2021-08-01,충청북도,36.6297,127.921,0.0,12.0,12.0
2021-09-01,충청북도,36.6297,127.921,0.0,12.0,12.0
2021-10-01,충청북도,36.6297,127.921,0.5,13.0,12.5
2021-11-01,충청북도,36.6297,127.921,0.5,13.0,12.5
2021-12-01,충청북도,36.6297,127.921,0.5,13.0,12.5
2022-01-01,충청북도,36.6297,127.921,0.4,13.8,13.5
2022-02-01,충청북도,36.6297,127.921,0.4,13.8,13.5
2022-03-01,충청북도,36.6297,127.921,0.4,13.8,13.5
2022-04-01,충청북도,36.6297,127.921,0.3,11.4,11.1
2022-05-01,충청북도,36.6297,127.921,0.3,11.4,11.1
2022-06-01,충청북도,36.6297,127.921,0.3,11.4,11.1
2022-07-01,충청북도,36.6297,127.921,0.3,10.8,10.5
2022-08-01,충청북도,36.6297,127.921,0.3,10.8,10.5
2022-09-01,충청북도,36.6297,127.921,0.3,10.8,10.5
2022-10-01,충청북도,36.6297,127.921,0.3,10.6,10.3
2022-11-01,충청북도,36.6297,127.921,0.3,10.6,10.3
2022-12-01,충청북도,36.6297,127.921,0.3,10.6,10.3
2023-01-01,충청북도,36.6297,127.921,0.1,14.0,13.9
2023-02-01,충청북도,36.6297,127.921,0.1,14.0,13.9
2023-03-01,충청북도,36.6297,127.921,0.1,14.0,13.9
2023-04-01,충청북도,36.6297,127.921,0.3,10.4,10.2
2023-05-01,충청북도,36.6297,127.921,0.3,10.4,10.2
2023-06-01,충청북도,36.6297,127.921,0.3,10.4,10.2
2023-07-01,충청북도,36.6297,127.921,0.4,11.7,11.3
2023-08-01,충청북도,36.6297,127.921,0.4,11.7,11.3
2023-09-01,충청북도,36.6297,127.921,0.4,11.7,11.3
2023-10-01,충청북도,36.6297,127.921,0.2,10.8,10.6
2023-11-01,충청북도,36.6297,127.921,0.2,10.8,10.6
2023-12-01,충청북도,36.6297,127.921,0.2,10.8,10.6
2024-01-01,충청북도,36.6297,127.921,-0.2,12.9,13.2
2024-02-01,충청북도,36.6297,127.921,-0.2,12.9,13.2
2024-03-01,충청북도,36.6297,127.921,-0.2,12.9,13.2
2024-04-01,충청북도,36.6297,127.921,0.5,12.2,11.7
2024-05-01,충청북도,36.6297,127.921,0.5,12.2,11.7
2024-06-01,충청북도,36.6297,127.921,0.5,12.2,11.7
2024-07-01,충청북도,36.6297,127.921,0.2,11.2,11.0
