지역,latitude,longitude,날짜,연도,분기,지표,값
행정구역(시도)별,,,2017-01-01,2017,Q1,전입률,총전입률(%)
전국,,,2017-01-01,2017,Q1,전입률,15.8
서울특별시,,,2017-01-01,2017,Q1,전입률,17.4
부산광역시,35.1796,129.0756,2017-01-01,2017,Q1,전입률,14.8
대구광역시,35.8714,128.6014,2017-01-01,2017,Q1,전입률,14.3
인천광역시,37.4563,126.7052,2017-01-01,2017,Q1,전입률,14.6
광주광역시,35.1595,126.8526,2017-01-01,2017,Q1,전입률,16.9
대전광역시,36.3504,127.3845,2017-01-01,2017,Q1,전입률,16.7
울산광역시,35.5384,129.3114,2017-01-01,2017,Q1,전입률,13.0
세종특별자치시,36.48,127.289,2017-01-01,2017,Q1,전입률,32.6
경기도,37.4138,127.5183,2017-01-01,2017,Q1,전입률,16.2
강원특별자치도,37.8225,128.1555,2017-01-01,2017,Q1,전입률,16.8
충청북도,36.6297,127.921,2017-01-01,2017,Q1,전입률,14.6
충청남도,36.6353,126.7404,2017-01-01,2017,Q1,전입률,16.7
전북특별자치도,35.8175,127.14,2017-01-01,2017,Q1,전입률,15.2
전라남도,34.8006,126.2994,2017-01-01,2017,Q1,전입률,14.3
경상북도,36.1584,128.7364,2017-01-01,2017,Q1,전입률,13.1
경상남도,35.2354,128.6922,2017-01-01,2017,Q1,전입률,13.8
제주특별자치도,33.4996,126.5312,2017-01-01,2017,Q1,전입률,22.0
행정구역(시도)별,,,2017-01-01,2017,Q1,전출률,총전출률(%)
전국,,,2017-01-01,2017,Q1,전출률,15.8
서울특별시,,,2017-01-01,2017,Q1,전출률,17.8
부산광역시,35.1796,129.0756,2017-01-01,2017,Q1,전출률,15.4
대구광역시,35.8714,128.6014,2017-01-01,2017,Q1,전출률,14.6
인천광역시,37.4563,126.7052,2017-01-01,2017,Q1,전출률,14.6
광주광역시,35.1595,126.8526,2017-01-01,2017,Q1,전출률,17.5
대전광역시,36.3504,127.3845,2017-01-01,2017,Q1,전출률,17.6
울산광역시,35.5384,129.3114,2017-01-01,2017,Q1,전출률,14.6
세종특별자치시,36.48,127.289,2017-01-01,2017,Q1,전출률,20.2
경기도,37.4138,127.5183,2017-01-01,2017,Q1,전출률,15.4
강원특별자치도,37.8225,128.1555,2017-01-01,2017,Q1,전출률,17.4
충청북도,36.6297,127.921,2017-01-01,2017,Q1,전출률,14.6
충청남도,36.6353,126.7404,2017-01-01,2017,Q1,전출률,15.7
전북특별자치도,35.8175,127.14,2017-01-01,2017,Q1,전출률,15.9
전라남도,34.8006,126.2994,2017-01-01,2017,Q1,전출률,15.0
경상북도,36.1584,128.7364,2017-01-01,2017,Q1,전출률,13.8
경상남도,35.2354,128.6922,2017-01-01,2017,Q1,전출률,14.1
제주특별자치도,33.4996,126.5312,2017-01-01,2017,Q1,전출률,20.1
행정구역(시도)별,,,2017-01-01,2017,Q1,순이동률,순이동률(%)
전국,,,2017-01-01,2017,Q1,순이동률,0.0
서울특별시,,,2017-01-01,2017,Q1,순이동률,-0.4
부산광역시,35.1796,129.0756,2017-01-01,2017,Q1,순이동률,-0.6
대구광역시,35.8714,128.6014,2017-01-01,2017,Q1,순이동률,-0.3
인천광역시,37.4563,126.7052,2017-01-01,2017,Q1,순이동률,0.0
광주광역시,35.1595,126.8526,2017-01-01,2017,Q1,순이동률,-0.6
대전광역시,36.3504,127.3845,2017-01-01,2017,Q1,순이동률,-0.9
울산광역시,35.5384,129.3114,2017-01-01,2017,Q1,순이동률,-1.6
세종특별자치시,36.48,127.289,2017-01-01,2017,Q1,순이동률,12.4
경기도,37.4138,127.5183,2017-01-01,2017,Q1,순이동률,0.9
강원특별자치도,37.8225,128.1555,2017-01-01,2017,Q1,순이동률,-0.6
충청북도,36.6297,127.921,2017-01-01,2017,Q1,순이동률,0.0
충청남도,36.6353,126.7404,2017-01-01,2017,Q1,순이동률,1.0
전북특별자치도,35.8175,127.14,2017-01-01,2017,Q1,순이동률,-0.7
전라남도,34.8006,126.2994,2017-01-01,2017,Q1,순이동률,-0.7
경상북도,36.1584,128.7364,2017-01-01,2017,Q1,순이동률,-0.8
경상남도,35.2354,128.6922,2017-01-01,2017,Q1,순이동률,-0.3
제주특별자치도,33.4996,126.5312,2017-01-01,2017,Q1,순이동률,1.9
행정구역(시도)별,,,2017-04-01,2017,Q2,전입률,총전입률(%)
전국,,,2017-04-01,2017,Q2,전입률,12.9
서울특별시,,,2017-04-01,2017,Q2,전입률,14.5
부산광역시,35.1796,129.0756,2017-04-01,2017,Q2,전입률,12.2
대구광역시,35.8714,128.6014,2017-04-01,2017,Q2,전입률,11.2
인천광역시,37.4563,126.7052,2017-04-01,2017,Q2,전입률,13.3
광주광역시,35.1595,126.8526,2017-04-01,2017,Q2,전입률,13.1
대전광역시,36.3504,127.3845,2017-04-01,2017,Q2,전입률,13.5
울산광역시,35.5384,129.3114,2017-04-01,2017,Q2,전입률,10.9
세종특별자치시,36.48,127.289,2017-04-01,2017,Q2,전입률,36.9
경기도,37.4138,127.5183,2017-04-01,2017,Q2,전입률,13.4
강원특별자치도,37.8225,128.1555,2017-04-01,2017,Q2,전입률,12.3
충청북도,36.6297,127.921,2017-04-01,2017,Q2,전입률,11.7
충청남도,36.6353,126.7404,2017-04-01,2017,Q2,전입률,12.6
전북특별자치도,35.8175,127.14,2017-04-01,2017,Q2,전입률,11.3
전라남도,34.8006,126.2994,2017-04-01,2017,Q2,전입률,10.8
경상북도,36.1584,128.7364,2017-04-01,2017,Q2,전입률,9.9
경상남도,35.2354,128.6922,2017-04-01,2017,Q2,전입률,12.4
제주특별자치도,33.4996,126.5312,2017-04-01,2017,Q2,전입률,14.0
행정구역(시도)별,,,2017-04-01,2017,Q2,전출률,총전출률(%)
전국,,,2017-04-01,2017,Q2,전출률,12.9
서울특별시,,,2017-04-01,2017,Q2,전출률,15.3
부산광역시,35.1796,129.0756,2017-04-01,2017,Q2,전출률,13.0
대구광역시,35.8714,128.6014,2017-04-01,2017,Q2,전출률,11.5
인천광역시,37.4563,126.7052,2017-04-01,2017,Q2,전출률,13.3
광주광역시,35.1595,126.8526,2017-04-01,2017,Q2,전출률,13.7
대전광역시,36.3504,127.3845,2017-04-01,2017,Q2,전출률,14.9
울산광역시,35.5384,129.3114,2017-04-01,2017,Q2,전출률,11.8
세종특별자치시,36.48,127.289,2017-04-01,2017,Q2,전출률,19.2
경기도,37.4138,127.5183,2017-04-01,2017,Q2,전출률,12.7
강원특별자치도,37.8225,128.1555,2017-04-01,2017,Q2,전출률,12.1
충청북도,36.6297,127.921,2017-04-01,2017,Q2,전출률,11.5
충청남도,36.6353,126.7404,2017-04-01,2017,Q2,전출률,11.7
전북특별자치도,35.8175,127.14,2017-04-01,2017,Q2,전출률,11.7
전라남도,34.8006,126.2994,2017-04-01,2017,Q2,전출률,10.9
경상북도,36.1584,128.7364,2017-04-01,2017,Q2,전출률,10.2
경상남도,35.2354,128.6922,2017-04-01,2017,Q2,전출률,12.3
제주특별자치도,33.4996,126.5312,2017-04-01,2017,Q2,전출률,12.0
행정구역(시도)별,,,2017-04-01,2017,Q2,순이동률,순이동률(%)
전국,,,2017-04-01,2017,Q2,순이동률,0.0
서울특별시,,,2017-04-01,2017,Q2,순이동률,-0.8
부산광역시,35.1796,129.0756,2017-04-01,2017,Q2,순이동률,-0.8
대구광역시,35.8714,128.6014,2017-04-01,2017,Q2,순이동률,-0.4
인천광역시,37.4563,126.7052,2017-04-01,2017,Q2,순이동률,0.1
광주광역시,35.1595,126.8526,2017-04-01,2017,Q2,순이동률,-0.5
대전광역시,36.3504,127.3845,2017-04-01,2017,Q2,순이동률,-1.3
울산광역시,35.5384,129.3114,2017-04-01,2017,Q2,순이동률,-0.9
세종특별자치시,36.48,127.289,2017-04-01,2017,Q2,순이동률,17.7
경기도,37.4138,127.5183,2017-04-01,2017,Q2,순이동률,0.6
강원특별자치도,37.8225,128.1555,2017-04-01,2017,Q2,순이동률,0.2
충청북도,36.6297,127.921,2017-04-01,2017,Q2,순이동률,0.2
충청남도,36.6353,126.7404,2017-04-01,2017,Q2,순이동률,1.0
전북특별자치도,35.8175,127.14,2017-04-01,2017,Q2,순이동률,-0.4
전라남도,34.8006,126.2994,2017-04-01,2017,Q2,순이동률,0.0
경상북도,36.1584,128.7364,2017-04-01,2017,Q2,순이동률,-0.3
경상남도,35.2354,128.6922,2017-04-01,2017,Q2,순이동률,0.1
제주특별자치도,33.4996,126.5312,2017-04-01,2017,Q2,순이동률,2.0
행정구역(시도)별,,,2017-07-01,2017,Q3,전입률,총전입률(%)
전국,,,2017-07-01,2017,Q3,전입률,13.6
서울특별시,,,2017-07-01,2017,Q3,전입률,14.9
부산광역시,35.1796,129.0756,2017-07-01,2017,Q3,전입률,12.7
대구광역시,35.8714,128.6014,2017-07-01,2017,Q3,전입률,12.4
인천광역시,37.4563,126.7052,2017-07-01,2017,Q3,전입률,14.2
광주광역시,35.1595,126.8526,2017-07-01,2017,Q3,전입률,13.7
대전광역시,36.3504,127.3845,2017-07-01,2017,Q3,전입률,13.1
울산광역시,35.5384,129.3114,2017-07-01,2017,Q3,전입률,10.8
세종특별자치시,36.48,127.289,2017-07-01,2017,Q3,전입률,29.1
경기도,37.4138,127.5183,2017-07-01,2017,Q3,전입률,15.1
강원특별자치도,37.8225,128.1555,2017-07-01,2017,Q3,전입률,11.8
충청북도,36.6297,127.921,2017-07-01,2017,Q3,전입률,11.8
충청남도,36.6353,126.7404,2017-07-01,2017,Q3,전입률,13.4
전북특별자치도,35.8175,127.14,2017-07-01,2017,Q3,전입률,11.4
전라남도,34.8006,126.2994,2017-07-01,2017,Q3,전입률,10.7
경상북도,36.1584,128.7364,2017-07-01,2017,Q3,전입률,12.0
경상남도,35.2354,128.6922,2017-07-01,2017,Q3,전입률,11.6
제주특별자치도,33.4996,126.5312,2017-07-01,2017,Q3,전입률,14.3
행정구역(시도)별,,,2017-07-01,2017,Q3,전출률,총전출률(%)
전국,,,2017-07-01,2017,Q3,전출률,13.6
서울특별시,,,2017-07-01,2017,Q3,전출률,16.2
부산광역시,35.1796,129.0756,2017-07-01,2017,Q3,전출률,13.2
대구광역시,35.8714,128.6014,2017-07-01,2017,Q3,전출률,13.2
인천광역시,37.4563,126.7052,2017-07-01,2017,Q3,전출률,14.5
광주광역시,35.1595,126.8526,2017-07-01,2017,Q3,전출률,13.8
대전광역시,36.3504,127.3845,2017-07-01,2017,Q3,전출률,13.8
울산광역시,35.5384,129.3114,2017-07-01,2017,Q3,전출률,12.0
세종특별자치시,36.48,127.289,2017-07-01,2017,Q3,전출률,17.6
경기도,37.4138,127.5183,2017-07-01,2017,Q3,전출률,14.1
강원특별자치도,37.8225,128.1555,2017-07-01,2017,Q3,전출률,11.8
충청북도,36.6297,127.921,2017-07-01,2017,Q3,전출률,11.8
충청남도,36.6353,126.7404,2017-07-01,2017,Q3,전출률,12.4
전북특별자치도,35.8175,127.14,2017-07-01,2017,Q3,전출률,11.8
전라남도,34.8006,126.2994,2017-07-01,2017,Q3,전출률,11.1
경상북도,36.1584,128.7364,2017-07-01,2017,Q3,전출률,12.0
경상남도,35.2354,128.6922,2017-07-01,2017,Q3,전출률,11.5
제주특별자치도,33.4996,126.5312,2017-07-01,2017,Q3,전출률,11.7
행정구역(시도)별,,,2017-07-01,2017,Q3,순이동률,순이동률(%)
전국,,,2017-07-01,2017,Q3,순이동률,0.0
서울특별시,,,2017-07-01,2017,Q3,순이동률,-1.2
부산광역시,35.1796,129.0756,2017-07-01,2017,Q3,순이동률,-0.5
대구광역시,35.8714,128.6014,2017-07-01,2017,Q3,순이동률,-0.7
인천광역시,37.4563,126.7052,2017-07-01,2017,Q3,순이동률,-0.2
광주광역시,35.1595,126.8526,2017-07-01,2017,Q3,순이동률,-0.1
대전광역시,36.3504,127.3845,2017-07-01,2017,Q3,순이동률,-0.7
울산광역시,35.5384,129.3114,2017-07-01,2017,Q3,순이동률,-1.2
세종특별자치시,36.48,127.289,2017-07-01,2017,Q3,순이동률,11.5
경기도,37.4138,127.5183,2017-07-01,2017,Q3,순이동률,1.0
강원특별자치도,37.8225,128.1555,2017-07-01,2017,Q3,순이동률,0.1
충청북도,36.6297,127.921,2017-07-01,2017,Q3,순이동률,0.1
충청남도,36.6353,126.7404,2017-07-01,2017,Q3,순이동률,0.9
전북특별자치도,35.8175,127.14,2017-07-01,2017,Q3,순이동률,-0.4
전라남도,34.8006,126.2994,2017-07-01,2017,Q3,순이동률,-0.4
경상북도,36.1584,128.7364,2017-07-01,2017,Q3,순이동률,0.0
경상남도,35.2354,128.6922,2017-07-01,2017,Q3,순이동률,0.1
제주특별자치도,33.4996,126.5312,2017-07-01,2017,Q3,순이동률,2.7
행정구역(시도)별,,,2017-10-01,2017,Q4,전입률,총전입률(%)
전국,,,2017-10-01,2017,Q4,전입률,13.5
서울특별시,,,2017-10-01,2017,Q4,전입률,13.7
부산광역시,35.1796,129.0756,2017-10-01,2017,Q4,전입률,11.3
대구광역시,35.8714,128.6014,2017-10-01,2017,Q4,전입률,14.3
인천광역시,37.4563,126.7052,2017-10-01,2017,Q4,전입률,14.0
광주광역시,35.1595,126.8526,2017-10-01,2017,Q4,전입률,13.5
대전광역시,36.3504,127.3845,2017-10-01,2017,Q4,전입률,13.2
울산광역시,35.5384,129.3114,2017-10-01,2017,Q4,전입률,11.9
세종특별자치시,36.48,127.289,2017-10-01,2017,Q4,전입률,27.7
경기도,37.4138,127.5183,2017-10-01,2017,Q4,전입률,14.9
강원특별자치도,37.8225,128.1555,2017-10-01,2017,Q4,전입률,14.2
충청북도,36.6297,127.921,2017-10-01,2017,Q4,전입률,11.8
충청남도,36.6353,126.7404,2017-10-01,2017,Q4,전입률,12.5
전북특별자치도,35.8175,127.14,2017-10-01,2017,Q4,전입률,12.4
전라남도,34.8006,126.2994,2017-10-01,2017,Q4,전입률,12.4
경상북도,36.1584,128.7364,2017-10-01,2017,Q4,전입률,11.6
경상남도,35.2354,128.6922,2017-10-01,2017,Q4,전입률,11.5
제주특별자치도,33.4996,126.5312,2017-10-01,2017,Q4,전입률,15.1
행정구역(시도)별,,,2017-10-01,2017,Q4,전출률,총전출률(%)
전국,,,2017-10-01,2017,Q4,전출률,13.5
서울특별시,,,2017-10-01,2017,Q4,전출률,15.3
부산광역시,35.1796,129.0756,2017-10-01,2017,Q4,전출률,12.6
대구광역시,35.8714,128.6014,2017-10-01,2017,Q4,전출률,14.8
인천광역시,37.4563,126.7052,2017-10-01,2017,Q4,전출률,14.0
광주광역시,35.1595,126.8526,2017-10-01,2017,Q4,전출률,14.4
대전광역시,36.3504,127.3845,2017-10-01,2017,Q4,전출률,14.6
울산광역시,35.5384,129.3114,2017-10-01,2017,Q4,전출률,12.3
세종특별자치시,36.48,127.289,2017-10-01,2017,Q4,전출률,16.0
경기도,37.4138,127.5183,2017-10-01,2017,Q4,전출률,13.7
강원특별자치도,37.8225,128.1555,2017-10-01,2017,Q4,전출률,13.4
충청북도,36.6297,127.921,2017-10-01,2017,Q4,전출률,11.5
충청남도,36.6353,126.7404,2017-10-01,2017,Q4,전출률,11.8
전북특별자치도,35.8175,127.14,2017-10-01,2017,Q4,전출률,12.4
전라남도,34.8006,126.2994,2017-10-01,2017,Q4,전출률,11.9
경상북도,36.1584,128.7364,2017-10-01,2017,Q4,전출률,11.4
경상남도,35.2354,128.6922,2017-10-01,2017,Q4,전출률,10.9
제주특별자치도,33.4996,126.5312,2017-10-01,2017,Q4,전출률,13.0
행정구역(시도)별,,,2017-10-01,2017,Q4,순이동률,순이동률(%)
전국,,,2017-10-01,2017,Q4,순이동률,0.0
서울특별시,,,2017-10-01,2017,Q4,순이동률,-1.6
부산광역시,35.1796,129.0756,2017-10-01,2017,Q4,순이동률,-1.4
대구광역시,35.8714,128.6014,2017-10-01,2017,Q4,순이동률,-0.6
인천광역시,37.4563,126.7052,2017-10-01,2017,Q4,순이동률,0.0
광주광역시,35.1595,126.8526,2017-10-01,2017,Q4,순이동률,-0.9
대전광역시,36.3504,127.3845,2017-10-01,2017,Q4,순이동률,-1.4
울산광역시,35.5384,129.3114,2017-10-01,2017,Q4,순이동률,-0.4
세종특별자치시,36.48,127.289,2017-10-01,2017,Q4,순이동률,11.7
경기도,37.4138,127.5183,2017-10-01,2017,Q4,순이동률,1.2
강원특별자치도,37.8225,128.1555,2017-10-01,2017,Q4,순이동률,0.8
충청북도,36.6297,127.921,2017-10-01,2017,Q4,순이동률,0.3
충청남도,36.6353,126.7404,2017-10-01,2017,Q4,순이동률,0.7
전북특별자치도,35.8175,127.14,2017-10-01,2017,Q4,순이동률,0.0
전라남도,34.8006,126.2994,2017-10-01,2017,Q4,순이동률,0.5
경상북도,36.1584,128.7364,2017-10-01,2017,Q4,순이동률,0.2
경상남도,35.2354,128.6922,2017-10-01,2017,Q4,순이동률,0.6
제주특별자치도,33.4996,126.5312,2017-10-01,2017,Q4,순이동률,2.1
행정구역(시도)별,,,2018-01-01,2018,Q1,전입률,총전입률(%)
전국,,,2018-01-01,2018,Q1,전입률,16.4
서울특별시,,,2018-01-01,2018,Q1,전입률,16.7
부산광역시,35.1796,129.0756,2018-01-01,2018,Q1,전입률,13.9
대구광역시,35.8714,128.6014,2018-01-01,2018,Q1,전입률,14.3
인천광역시,37.4563,126.7052,2018-01-01,2018,Q1,전입률,18.0
광주광역시,35.1595,126.8526,2018-01-01,2018,Q1,전입률,16.9
대전광역시,36.3504,127.3845,2018-01-01,2018,Q1,전입률,16.3
울산광역시,35.5384,129.3114,2018-01-01,2018,Q1,전입률,13.5
세종특별자치시,36.48,127.289,2018-01-01,2018,Q1,전입률,36.0
경기도,37.4138,127.5183,2018-01-01,2018,Q1,전입률,17.9
강원특별자치도,37.8225,128.1555,2018-01-01,2018,Q1,전입률,16.5
충청북도,36.6297,127.921,2018-01-01,2018,Q1,전입률,15.4
충청남도,36.6353,126.7404,2018-01-01,2018,Q1,전입률,16.1
전북특별자치도,35.8175,127.14,2018-01-01,2018,Q1,전입률,16.3
전라남도,34.8006,126.2994,2018-01-01,2018,Q1,전입률,14.3
경상북도,36.1584,128.7364,2018-01-01,2018,Q1,전입률,13.6
경상남도,35.2354,128.6922,2018-01-01,2018,Q1,전입률,14.0
제주특별자치도,33.4996,126.5312,2018-01-01,2018,Q1,전입률,21.6
행정구역(시도)별,,,2018-01-01,2018,Q1,전출률,총전출률(%)
전국,,,2018-01-01,2018,Q1,전출률,16.4
서울특별시,,,2018-01-01,2018,Q1,전출률,17.6
부산광역시,35.1796,129.0756,2018-01-01,2018,Q1,전출률,14.7
대구광역시,35.8714,128.6014,2018-01-01,2018,Q1,전출률,14.8
인천광역시,37.4563,126.7052,2018-01-01,2018,Q1,전출률,17.8
광주광역시,35.1595,126.8526,2018-01-01,2018,Q1,전출률,17.4
대전광역시,36.3504,127.3845,2018-01-01,2018,Q1,전출률,17.7
울산광역시,35.5384,129.3114,2018-01-01,2018,Q1,전출률,14.8
세종특별자치시,36.48,127.289,2018-01-01,2018,Q1,전출률,21.1
경기도,37.4138,127.5183,2018-01-01,2018,Q1,전출률,16.5
강원특별자치도,37.8225,128.1555,2018-01-01,2018,Q1,전출률,17.3
충청북도,36.6297,127.921,2018-01-01,2018,Q1,전출률,15.2
충청남도,36.6353,126.7404,2018-01-01,2018,Q1,전출률,15.5
전북특별자치도,35.8175,127.14,2018-01-01,2018,Q1,전출률,17.5
전라남도,34.8006,126.2994,2018-01-01,2018,Q1,전출률,15.2
경상북도,36.1584,128.7364,2018-01-01,2018,Q1,전출률,14.5
경상남도,35.2354,128.6922,2018-01-01,2018,Q1,전출률,14.3
제주특별자치도,33.4996,126.5312,2018-01-01,2018,Q1,전출률,19.6
행정구역(시도)별,,,2018-01-01,2018,Q1,순이동률,순이동률(%)
전국,,,2018-01-01,2018,Q1,순이동률,0.0
서울특별시,,,2018-01-01,2018,Q1,순이동률,-0.9
부산광역시,35.1796,129.0756,2018-01-01,2018,Q1,순이동률,-0.8
대구광역시,35.8714,128.6014,2018-01-01,2018,Q1,순이동률,-0.5
인천광역시,37.4563,126.7052,2018-01-01,2018,Q1,순이동률,0.2
광주광역시,35.1595,126.8526,2018-01-01,2018,Q1,순이동률,-0.6
대전광역시,36.3504,127.3845,2018-01-01,2018,Q1,순이동률,-1.4
울산광역시,35.5384,129.3114,2018-01-01,2018,Q1,순이동률,-1.3
세종특별자치시,36.48,127.289,2018-01-01,2018,Q1,순이동률,14.9
경기도,37.4138,127.5183,2018-01-01,2018,Q1,순이동률,1.4
강원특별자치도,37.8225,128.1555,2018-01-01,2018,Q1,순이동률,-0.8
충청북도,36.6297,127.921,2018-01-01,2018,Q1,순이동률,0.2
충청남도,36.6353,126.7404,2018-01-01,2018,Q1,순이동률,0.6
전북특별자치도,35.8175,127.14,2018-01-01,2018,Q1,순이동률,-1.1
전라남도,34.8006,126.2994,2018-01-01,2018,Q1,순이동률,-0.9
경상북도,36.1584,128.7364,2018-01-01,2018,Q1,순이동률,-0.9
경상남도,35.2354,128.6922,2018-01-01,2018,Q1,순이동률,-0.3
제주특별자치도,33.4996,126.5312,2018-01-01,2018,Q1,순이동률,2.0
행정구역(시도)별,,,2018-04-01,2018,Q2,전입률,총전입률(%)
전국,,,2018-04-01,2018,Q2,전입률,13.6
서울특별시,,,2018-04-01,2018,Q2,전입률,14.3
부산광역시,35.1796,129.0756,2018-04-01,2018,Q2,전입률,12.2
대구광역시,35.8714,128.6014,2018-04-01,2018,Q2,전입률,12.6
인천광역시,37.4563,126.7052,2018-04-01,2018,Q2,전입률,14.6
광주광역시,35.1595,126.8526,2018-04-01,2018,Q2,전입률,14.3
대전광역시,36.3504,127.3845,2018-04-01,2018,Q2,전입률,13.4
울산광역시,35.5384,129.3114,2018-04-01,2018,Q2,전입률,10.6
세종특별자치시,36.48,127.289,2018-04-01,2018,Q2,전입률,30.4
경기도,37.4138,127.5183,2018-04-01,2018,Q2,전입률,15.0
강원특별자치도,37.8225,128.1555,2018-04-01,2018,Q2,전입률,12.7
충청북도,36.6297,127.921,2018-04-01,2018,Q2,전입률,12.1
충청남도,36.6353,126.7404,2018-04-01,2018,Q2,전입률,13.9
전북특별자치도,35.8175,127.14,2018-04-01,2018,Q2,전입률,12.8
전라남도,34.8006,126.2994,2018-04-01,2018,Q2,전입률,10.9
경상북도,36.1584,128.7364,2018-04-01,2018,Q2,전입률,11.3
경상남도,35.2354,128.6922,2018-04-01,2018,Q2,전입률,11.3
제주특별자치도,33.4996,126.5312,2018-04-01,2018,Q2,전입률,14.3
행정구역(시도)별,,,2018-04-01,2018,Q2,전출률,총전출률(%)
전국,,,2018-04-01,2018,Q2,전출률,13.6
서울특별시,,,2018-04-01,2018,Q2,전출률,15.5
부산광역시,35.1796,129.0756,2018-04-01,2018,Q2,전출률,13.1
대구광역시,35.8714,128.6014,2018-04-01,2018,Q2,전출률,13.1
인천광역시,37.4563,126.7052,2018-04-01,2018,Q2,전출률,14.5
광주광역시,35.1595,126.8526,2018-04-01,2018,Q2,전출률,14.8
대전광역시,36.3504,127.3845,2018-04-01,2018,Q2,전출률,14.3
울산광역시,35.5384,129.3114,2018-04-01,2018,Q2,전출률,11.8
세종특별자치시,36.48,127.289,2018-04-01,2018,Q2,전출률,18.8
경기도,37.4138,127.5183,2018-04-01,2018,Q2,전출률,13.7
강원특별자치도,37.8225,128.1555,2018-04-01,2018,Q2,전출률,12.9
충청북도,36.6297,127.921,2018-04-01,2018,Q2,전출률,11.9
충청남도,36.6353,126.7404,2018-04-01,2018,Q2,전출률,13.4
전북특별자치도,35.8175,127.14,2018-04-01,2018,Q2,전출률,13.4
전라남도,34.8006,126.2994,2018-04-01,2018,Q2,전출률,11.2
경상북도,36.1584,128.7364,2018-04-01,2018,Q2,전출률,11.6
경상남도,35.2354,128.6922,2018-04-01,2018,Q2,전출률,11.3
제주특별자치도,33.4996,126.5312,2018-04-01,2018,Q2,전출률,12.7
행정구역(시도)별,,,2018-04-01,2018,Q2,순이동률,순이동률(%)
전국,,,2018-04-01,2018,Q2,순이동률,0.0
서울특별시,,,2018-04-01,2018,Q2,순이동률,-1.2
부산광역시,35.1796,129.0756,2018-04-01,2018,Q2,순이동률,-0.9
대구광역시,35.8714,128.6014,2018-04-01,2018,Q2,순이동률,-0.5
인천광역시,37.4563,126.7052,2018-04-01,2018,Q2,순이동률,0.1
광주광역시,35.1595,126.8526,2018-04-01,2018,Q2,순이동률,-0.5
대전광역시,36.3504,127.3845,2018-04-01,2018,Q2,순이동률,-0.9
울산광역시,35.5384,129.3114,2018-04-01,2018,Q2,순이동률,-1.2
세종특별자치시,36.48,127.289,2018-04-01,2018,Q2,순이동률,11.6
경기도,37.4138,127.5183,2018-04-01,2018,Q2,순이동률,1.3
강원특별자치도,37.8225,128.1555,2018-04-01,2018,Q2,순이동률,-0.2
충청북도,36.6297,127.921,2018-04-01,2018,Q2,순이동률,0.2
충청남도,36.6353,126.7404,2018-04-01,2018,Q2,순이동률,0.5
전북특별자치도,35.8175,127.14,2018-04-01,2018,Q2,순이동률,-0.6
전라남도,34.8006,126.2994,2018-04-01,2018,Q2,순이동률,-0.3
경상북도,36.1584,128.7364,2018-04-01,2018,Q2,순이동률,-0.2
경상남도,35.2354,128.6922,2018-04-01,2018,Q2,순이동률,0.0
제주특별자치도,33.4996,126.5312,2018-04-01,2018,Q2,순이동률,1.7
행정구역(시도)별,,,2018-07-01,2018,Q3,전입률,총전입률(%)
전국,,,2018-07-01,2018,Q3,전입률,12.5
서울특별시,,,2018-07-01,2018,Q3,전입률,13.3
부산광역시,35.1796,129.0756,2018-07-01,2018,Q3,전입률,10.8
대구광역시,35.8714,128.6014,2018-07-01,2018,Q3,전입률,11.7
인천광역시,37.4563,126.7052,2018-07-01,2018,Q3,전입률,11.9
광주광역시,35.1595,126.8526,2018-07-01,2018,Q3,전입률,13.8
대전광역시,36.3504,127.3845,2018-07-01,2018,Q3,전입률,13.2
울산광역시,35.5384,129.3114,2018-07-01,2018,Q3,전입률,9.5
세종특별자치시,36.48,127.289,2018-07-01,2018,Q3,전입률,27.1
경기도,37.4138,127.5183,2018-07-01,2018,Q3,전입률,14.4
강원특별자치도,37.8225,128.1555,2018-07-01,2018,Q3,전입률,12.3
충청북도,36.6297,127.921,2018-07-01,2018,Q3,전입률,11.4
충청남도,36.6353,126.7404,2018-07-01,2018,Q3,전입률,12.3
전북특별자치도,35.8175,127.14,2018-07-01,2018,Q3,전입률,11.1
전라남도,34.8006,126.2994,2018-07-01,2018,Q3,전입률,10.2
경상북도,36.1584,128.7364,2018-07-01,2018,Q3,전입률,9.9
경상남도,35.2354,128.6922,2018-07-01,2018,Q3,전입률,10.2
제주특별자치도,33.4996,126.5312,2018-07-01,2018,Q3,전입률,13.2
행정구역(시도)별,,,2018-07-01,2018,Q3,전출률,총전출률(%)
전국,,,2018-07-01,2018,Q3,전출률,12.5
서울특별시,,,2018-07-01,2018,Q3,전출률,14.3
부산광역시,35.1796,129.0756,2018-07-01,2018,Q3,전출률,11.4
대구광역시,35.8714,128.6014,2018-07-01,2018,Q3,전출률,12.3
인천광역시,37.4563,126.7052,2018-07-01,2018,Q3,전출률,12.2
광주광역시,35.1595,126.8526,2018-07-01,2018,Q3,전출률,13.7
대전광역시,36.3504,127.3845,2018-07-01,2018,Q3,전출률,13.7
울산광역시,35.5384,129.3114,2018-07-01,2018,Q3,전출률,10.5
세종특별자치시,36.48,127.289,2018-07-01,2018,Q3,전출률,17.7
경기도,37.4138,127.5183,2018-07-01,2018,Q3,전출률,13.1
강원특별자치도,37.8225,128.1555,2018-07-01,2018,Q3,전출률,12.5
충청북도,36.6297,127.921,2018-07-01,2018,Q3,전출률,11.2
충청남도,36.6353,126.7404,2018-07-01,2018,Q3,전출률,12.0
전북특별자치도,35.8175,127.14,2018-07-01,2018,Q3,전출률,11.9
전라남도,34.8006,126.2994,2018-07-01,2018,Q3,전출률,11.1
경상북도,36.1584,128.7364,2018-07-01,2018,Q3,전출률,10.3
경상남도,35.2354,128.6922,2018-07-01,2018,Q3,전출률,10.4
제주특별자치도,33.4996,126.5312,2018-07-01,2018,Q3,전출률,11.9
행정구역(시도)별,,,2018-07-01,2018,Q3,순이동률,순이동률(%)
전국,,,2018-07-01,2018,Q3,순이동률,0.0
서울특별시,,,2018-07-01,2018,Q3,순이동률,-1.1
부산광역시,35.1796,129.0756,2018-07-01,2018,Q3,순이동률,-0.7
대구광역시,35.8714,128.6014,2018-07-01,2018,Q3,순이동률,-0.6
인천광역시,37.4563,126.7052,2018-07-01,2018,Q3,순이동률,-0.3
광주광역시,35.1595,126.8526,2018-07-01,2018,Q3,순이동률,0.1
대전광역시,36.3504,127.3845,2018-07-01,2018,Q3,순이동률,-0.5
울산광역시,35.5384,129.3114,2018-07-01,2018,Q3,순이동률,-1.1
세종특별자치시,36.48,127.289,2018-07-01,2018,Q3,순이동률,9.3
경기도,37.4138,127.5183,2018-07-01,2018,Q3,순이동률,1.3
강원특별자치도,37.8225,128.1555,2018-07-01,2018,Q3,순이동률,-0.1
충청북도,36.6297,127.921,2018-07-01,2018,Q3,순이동률,0.2
충청남도,36.6353,126.7404,2018-07-01,2018,Q3,순이동률,0.3
전북특별자치도,35.8175,127.14,2018-07-01,2018,Q3,순이동률,-0.7
전라남도,34.8006,126.2994,2018-07-01,2018,Q3,순이동률,-0.9
경상북도,36.1584,128.7364,2018-07-01,2018,Q3,순이동률,-0.3
경상남도,35.2354,128.6922,2018-07-01,2018,Q3,순이동률,-0.2
제주특별자치도,33.4996,126.5312,2018-07-01,2018,Q3,순이동률,1.3
행정구역(시도)별,,,2018-10-01,2018,Q4,전입률,총전입률(%)
전국,,,2018-10-01,2018,Q4,전입률,14.5
서울특별시,,,2018-10-01,2018,Q4,전입률,15.5
부산광역시,35.1796,129.0756,2018-10-01,2018,Q4,전입률,11.8
대구광역시,35.8714,128.6014,2018-10-01,2018,Q4,전입률,13.8
인천광역시,37.4563,126.7052,2018-10-01,2018,Q4,전입률,14.8
광주광역시,35.1595,126.8526,2018-10-01,2018,Q4,전입률,15.4
대전광역시,36.3504,127.3845,2018-10-01,2018,Q4,전입률,14.5
울산광역시,35.5384,129.3114,2018-10-01,2018,Q4,전입률,10.8
세종특별자치시,36.48,127.289,2018-10-01,2018,Q4,전입률,23.3
경기도,37.4138,127.5183,2018-10-01,2018,Q4,전입률,16.3
강원특별자치도,37.8225,128.1555,2018-10-01,2018,Q4,전입률,14.9
충청북도,36.6297,127.921,2018-10-01,2018,Q4,전입률,16.3
충청남도,36.6353,126.7404,2018-10-01,2018,Q4,전입률,13.2
전북특별자치도,35.8175,127.14,2018-10-01,2018,Q4,전입률,12.9
전라남도,34.8006,126.2994,2018-10-01,2018,Q4,전입률,12.6
경상북도,36.1584,128.7364,2018-10-01,2018,Q4,전입률,11.7
경상남도,35.2354,128.6922,2018-10-01,2018,Q4,전입률,11.0
제주특별자치도,33.4996,126.5312,2018-10-01,2018,Q4,전입률,14.4
행정구역(시도)별,,,2018-10-01,2018,Q4,전출률,총전출률(%)
전국,,,2018-10-01,2018,Q4,전출률,14.5
서울특별시,,,2018-10-01,2018,Q4,전출률,16.8
부산광역시,35.1796,129.0756,2018-10-01,2018,Q4,전출률,12.6
대구광역시,35.8714,128.6014,2018-10-01,2018,Q4,전출률,14.5
인천광역시,37.4563,126.7052,2018-10-01,2018,Q4,전출률,14.8
광주광역시,35.1595,126.8526,2018-10-01,2018,Q4,전출률,16.1
대전광역시,36.3504,127.3845,2018-10-01,2018,Q4,전출률,15.7
울산광역시,35.5384,129.3114,2018-10-01,2018,Q4,전출률,11.7
세종특별자치시,36.48,127.289,2018-10-01,2018,Q4,전출률,16.4
경기도,37.4138,127.5183,2018-10-01,2018,Q4,전출률,15.0
강원특별자치도,37.8225,128.1555,2018-10-01,2018,Q4,전출률,14.9
충청북도,36.6297,127.921,2018-10-01,2018,Q4,전출률,15.6
충청남도,36.6353,126.7404,2018-10-01,2018,Q4,전출률,12.7
전북특별자치도,35.8175,127.14,2018-10-01,2018,Q4,전출률,13.4
전라남도,34.8006,126.2994,2018-10-01,2018,Q4,전출률,12.2
경상북도,36.1584,128.7364,2018-10-01,2018,Q4,전출률,11.6
경상남도,35.2354,128.6922,2018-10-01,2018,Q4,전출률,11.2
제주특별자치도,33.4996,126.5312,2018-10-01,2018,Q4,전출률,14.0
행정구역(시도)별,,,2018-10-01,2018,Q4,순이동률,순이동률(%)
전국,,,2018-10-01,2018,Q4,순이동률,0.0
서울특별시,,,2018-10-01,2018,Q4,순이동률,-1.3
부산광역시,35.1796,129.0756,2018-10-01,2018,Q4,순이동률,-0.8
대구광역시,35.8714,128.6014,2018-10-01,2018,Q4,순이동률,-0.8
인천광역시,37.4563,126.7052,2018-10-01,2018,Q4,순이동률,0.0
광주광역시,35.1595,126.8526,2018-10-01,2018,Q4,순이동률,-0.7
대전광역시,36.3504,127.3845,2018-10-01,2018,Q4,순이동률,-1.1
울산광역시,35.5384,129.3114,2018-10-01,2018,Q4,순이동률,-0.9
세종특별자치시,36.48,127.289,2018-10-01,2018,Q4,순이동률,6.9
경기도,37.4138,127.5183,2018-10-01,2018,Q4,순이동률,1.3
강원특별자치도,37.8225,128.1555,2018-10-01,2018,Q4,순이동률,0.1
충청북도,36.6297,127.921,2018-10-01,2018,Q4,순이동률,0.7
충청남도,36.6353,126.7404,2018-10-01,2018,Q4,순이동률,0.6
전북특별자치도,35.8175,127.14,2018-10-01,2018,Q4,순이동률,-0.6
전라남도,34.8006,126.2994,2018-10-01,2018,Q4,순이동률,0.4
경상북도,36.1584,128.7364,2018-10-01,2018,Q4,순이동률,0.1
경상남도,35.2354,128.6922,2018-10-01,2018,Q4,순이동률,-0.2
제주특별자치도,33.4996,126.5312,2018-10-01,2018,Q4,순이동률,0.4
행정구역(시도)별,,,2019-01-01,2019,Q1,전입률,총전입률(%)
전국,,,2019-01-01,2019,Q1,전입률,15.9
서울특별시,,,2019-01-01,2019,Q1,전입률,17.4
부산광역시,35.1796,129.0756,2019-01-01,2019,Q1,전입률,13.6
대구광역시,35.8714,128.6014,2019-01-01,2019,Q1,전입률,14.7
인천광역시,37.4563,126.7052,2019-01-01,2019,Q1,전입률,15.9
광주광역시,35.1595,126.8526,2019-01-01,2019,Q1,전입률,17.1
대전광역시,36.3504,127.3845,2019-01-01,2019,Q1,전입률,16.9
울산광역시,35.5384,129.3114,2019-01-01,2019,Q1,전입률,14.5
세종특별자치시,36.48,127.289,2019-01-01,2019,Q1,전입률,30.9
경기도,37.4138,127.5183,2019-01-01,2019,Q1,전입률,16.4
강원특별자치도,37.8225,128.1555,2019-01-01,2019,Q1,전입률,16.9
충청북도,36.6297,127.921,2019-01-01,2019,Q1,전입률,15.3
충청남도,36.6353,126.7404,2019-01-01,2019,Q1,전입률,14.7
전북특별자치도,35.8175,127.14,2019-01-01,2019,Q1,전입률,15.3
전라남도,34.8006,126.2994,2019-01-01,2019,Q1,전입률,13.7
경상북도,36.1584,128.7364,2019-01-01,2019,Q1,전입률,13.6
경상남도,35.2354,128.6922,2019-01-01,2019,Q1,전입률,14.3
제주특별자치도,33.4996,126.5312,2019-01-01,2019,Q1,전입률,18.8
행정구역(시도)별,,,2019-01-01,2019,Q1,전출률,총전출률(%)
전국,,,2019-01-01,2019,Q1,전출률,15.9
서울특별시,,,2019-01-01,2019,Q1,전출률,17.3
부산광역시,35.1796,129.0756,2019-01-01,2019,Q1,전출률,14.3
대구광역시,35.8714,128.6014,2019-01-01,2019,Q1,전출률,15.6
인천광역시,37.4563,126.7052,2019-01-01,2019,Q1,전출률,15.8
광주광역시,35.1595,126.8526,2019-01-01,2019,Q1,전출률,17.3
대전광역시,36.3504,127.3845,2019-01-01,2019,Q1,전출률,17.9
울산광역시,35.5384,129.3114,2019-01-01,2019,Q1,전출률,15.7
세종특별자치시,36.48,127.289,2019-01-01,2019,Q1,전출률,20.9
경기도,37.4138,127.5183,2019-01-01,2019,Q1,전출률,15.4
강원특별자치도,37.8225,128.1555,2019-01-01,2019,Q1,전출률,17.3
충청북도,36.6297,127.921,2019-01-01,2019,Q1,전출률,15.4
충청남도,36.6353,126.7404,2019-01-01,2019,Q1,전출률,14.8
전북특별자치도,35.8175,127.14,2019-01-01,2019,Q1,전출률,16.4
전라남도,34.8006,126.2994,2019-01-01,2019,Q1,전출률,15.3
경상북도,36.1584,128.7364,2019-01-01,2019,Q1,전출률,14.3
경상남도,35.2354,128.6922,2019-01-01,2019,Q1,전출률,14.8
제주특별자치도,33.4996,126.5312,2019-01-01,2019,Q1,전출률,18.4
행정구역(시도)별,,,2019-01-01,2019,Q1,순이동률,순이동률(%)
전국,,,2019-01-01,2019,Q1,순이동률,0.0
서울특별시,,,2019-01-01,2019,Q1,순이동률,0.1
부산광역시,35.1796,129.0756,2019-01-01,2019,Q1,순이동률,-0.7
대구광역시,35.8714,128.6014,2019-01-01,2019,Q1,순이동률,-1.0
인천광역시,37.4563,126.7052,2019-01-01,2019,Q1,순이동률,0.1
광주광역시,35.1595,126.8526,2019-01-01,2019,Q1,순이동률,-0.2
대전광역시,36.3504,127.3845,2019-01-01,2019,Q1,순이동률,-1.0
울산광역시,35.5384,129.3114,2019-01-01,2019,Q1,순이동률,-1.2
세종특별자치시,36.48,127.289,2019-01-01,2019,Q1,순이동률,10.0
경기도,37.4138,127.5183,2019-01-01,2019,Q1,순이동률,1.0
강원특별자치도,37.8225,128.1555,2019-01-01,2019,Q1,순이동률,-0.5
충청북도,36.6297,127.921,2019-01-01,2019,Q1,순이동률,0.0
충청남도,36.6353,126.7404,2019-01-01,2019,Q1,순이동률,0.0
전북특별자치도,35.8175,127.14,2019-01-01,2019,Q1,순이동률,-1.1
전라남도,34.8006,126.2994,2019-01-01,2019,Q1,순이동률,-1.6
경상북도,36.1584,128.7364,2019-01-01,2019,Q1,순이동률,-0.6
경상남도,35.2354,128.6922,2019-01-01,2019,Q1,순이동률,-0.5
제주특별자치도,33.4996,126.5312,2019-01-01,2019,Q1,순이동률,0.5
행정구역(시도)별,,,2019-04-01,2019,Q2,전입률,총전입률(%)
전국,,,2019-04-01,2019,Q2,전입률,12.8
서울특별시,,,2019-04-01,2019,Q2,전입률,13.4
부산광역시,35.1796,129.0756,2019-04-01,2019,Q2,전입률,11.4
대구광역시,35.8714,128.6014,2019-04-01,2019,Q2,전입률,12.1
인천광역시,37.4563,126.7052,2019-04-01,2019,Q2,전입률,14.2
광주광역시,35.1595,126.8526,2019-04-01,2019,Q2,전입률,13.6
대전광역시,36.3504,127.3845,2019-04-01,2019,Q2,전입률,12.3
울산광역시,35.5384,129.3114,2019-04-01,2019,Q2,전입률,12.3
세종특별자치시,36.48,127.289,2019-04-01,2019,Q2,전입률,20.1
경기도,37.4138,127.5183,2019-04-01,2019,Q2,전입률,14.1
강원특별자치도,37.8225,128.1555,2019-04-01,2019,Q2,전입률,13.3
충청북도,36.6297,127.921,2019-04-01,2019,Q2,전입률,11.6
충청남도,36.6353,126.7404,2019-04-01,2019,Q2,전입률,11.2
전북특별자치도,35.8175,127.14,2019-04-01,2019,Q2,전입률,11.2
전라남도,34.8006,126.2994,2019-04-01,2019,Q2,전입률,10.9
경상북도,36.1584,128.7364,2019-04-01,2019,Q2,전입률,11.1
경상남도,35.2354,128.6922,2019-04-01,2019,Q2,전입률,10.8
제주특별자치도,33.4996,126.5312,2019-04-01,2019,Q2,전입률,12.8
행정구역(시도)별,,,2019-04-01,2019,Q2,전출률,총전출률(%)
전국,,,2019-04-01,2019,Q2,전출률,12.8
서울특별시,,,2019-04-01,2019,Q2,전출률,14.1
부산광역시,35.1796,129.0756,2019-04-01,2019,Q2,전출률,12.1
대구광역시,35.8714,128.6014,2019-04-01,2019,Q2,전출률,13.0
인천광역시,37.4563,126.7052,2019-04-01,2019,Q2,전출률,14.3
광주광역시,35.1595,126.8526,2019-04-01,2019,Q2,전출률,13.7
대전광역시,36.3504,127.3845,2019-04-01,2019,Q2,전출률,13.4
울산광역시,35.5384,129.3114,2019-04-01,2019,Q2,전출률,13.1
세종특별자치시,36.48,127.289,2019-04-01,2019,Q2,전출률,14.8
경기도,37.4138,127.5183,2019-04-01,2019,Q2,전출률,13.0
강원특별자치도,37.8225,128.1555,2019-04-01,2019,Q2,전출률,13.1
충청북도,36.6297,127.921,2019-04-01,2019,Q2,전출률,11.3
충청남도,36.6353,126.7404,2019-04-01,2019,Q2,전출률,11.1
전북특별자치도,35.8175,127.14,2019-04-01,2019,Q2,전출률,11.8
전라남도,34.8006,126.2994,2019-04-01,2019,Q2,전출률,11.5
경상북도,36.1584,128.7364,2019-04-01,2019,Q2,전출률,11.1
경상남도,35.2354,128.6922,2019-04-01,2019,Q2,전출률,11.1
제주특별자치도,33.4996,126.5312,2019-04-01,2019,Q2,전출률,11.9
행정구역(시도)별,,,2019-04-01,2019,Q2,순이동률,순이동률(%)
전국,,,2019-04-01,2019,Q2,순이동률,0.0
서울특별시,,,2019-04-01,2019,Q2,순이동률,-0.7
부산광역시,35.1796,129.0756,2019-04-01,2019,Q2,순이동률,-0.7
대구광역시,35.8714,128.6014,2019-04-01,2019,Q2,순이동률,-0.9
인천광역시,37.4563,126.7052,2019-04-01,2019,Q2,순이동률,-0.1
광주광역시,35.1595,126.8526,2019-04-01,2019,Q2,순이동률,-0.1
대전광역시,36.3504,127.3845,2019-04-01,2019,Q2,순이동률,-1.1
울산광역시,35.5384,129.3114,2019-04-01,2019,Q2,순이동률,-0.8
세종특별자치시,36.48,127.289,2019-04-01,2019,Q2,순이동률,5.2
경기도,37.4138,127.5183,2019-04-01,2019,Q2,순이동률,1.1
강원특별자치도,37.8225,128.1555,2019-04-01,2019,Q2,순이동률,0.3
충청북도,36.6297,127.921,2019-04-01,2019,Q2,순이동률,0.3
충청남도,36.6353,126.7404,2019-04-01,2019,Q2,순이동률,0.1
전북특별자치도,35.8175,127.14,2019-04-01,2019,Q2,순이동률,-0.6
전라남도,34.8006,126.2994,2019-04-01,2019,Q2,순이동률,-0.5
경상북도,36.1584,128.7364,2019-04-01,2019,Q2,순이동률,0.0
경상남도,35.2354,128.6922,2019-04-01,2019,Q2,순이동률,-0.3
제주특별자치도,33.4996,126.5312,2019-04-01,2019,Q2,순이동률,0.8
행정구역(시도)별,,,2019-07-01,2019,Q3,전입률,총전입률(%)
전국,,,2019-07-01,2019,Q3,전입률,12.7
서울특별시,,,2019-07-01,2019,Q3,전입률,13.5
부산광역시,35.1796,129.0756,2019-07-01,2019,Q3,전입률,11.0
대구광역시,35.8714,128.6014,2019-07-01,2019,Q3,전입률,11.4
인천광역시,37.4563,126.7052,2019-07-01,2019,Q3,전입률,13.4
광주광역시,35.1595,126.8526,2019-07-01,2019,Q3,전입률,14.5
대전광역시,36.3504,127.3845,2019-07-01,2019,Q3,전입률,13.5
울산광역시,35.5384,129.3114,2019-07-01,2019,Q3,전입률,10.7
세종특별자치시,36.48,127.289,2019-07-01,2019,Q3,전입률,24.1
경기도,37.4138,127.5183,2019-07-01,2019,Q3,전입률,14.4
강원특별자치도,37.8225,128.1555,2019-07-01,2019,Q3,전입률,12.9
충청북도,36.6297,127.921,2019-07-01,2019,Q3,전입률,11.5
충청남도,36.6353,126.7404,2019-07-01,2019,Q3,전입률,11.3
전북특별자치도,35.8175,127.14,2019-07-01,2019,Q3,전입률,11.1
전라남도,34.8006,126.2994,2019-07-01,2019,Q3,전입률,10.5
경상북도,36.1584,128.7364,2019-07-01,2019,Q3,전입률,9.7
경상남도,35.2354,128.6922,2019-07-01,2019,Q3,전입률,10.5
제주특별자치도,33.4996,126.5312,2019-07-01,2019,Q3,전입률,12.1
행정구역(시도)별,,,2019-07-01,2019,Q3,전출률,총전출률(%)
전국,,,2019-07-01,2019,Q3,전출률,12.7
서울특별시,,,2019-07-01,2019,Q3,전출률,14.3
부산광역시,35.1796,129.0756,2019-07-01,2019,Q3,전출률,11.6
대구광역시,35.8714,128.6014,2019-07-01,2019,Q3,전출률,12.2
인천광역시,37.4563,126.7052,2019-07-01,2019,Q3,전출률,13.6
광주광역시,35.1595,126.8526,2019-07-01,2019,Q3,전출률,14.4
대전광역시,36.3504,127.3845,2019-07-01,2019,Q3,전출률,14.5
울산광역시,35.5384,129.3114,2019-07-01,2019,Q3,전출률,11.4
세종특별자치시,36.48,127.289,2019-07-01,2019,Q3,전출률,17.5
경기도,37.4138,127.5183,2019-07-01,2019,Q3,전출률,13.2
강원특별자치도,37.8225,128.1555,2019-07-01,2019,Q3,전출률,12.7
충청북도,36.6297,127.921,2019-07-01,2019,Q3,전출률,11.5
충청남도,36.6353,126.7404,2019-07-01,2019,Q3,전출률,11.5
전북특별자치도,35.8175,127.14,2019-07-01,2019,Q3,전출률,11.7
전라남도,34.8006,126.2994,2019-07-01,2019,Q3,전출률,11.2
경상북도,36.1584,128.7364,2019-07-01,2019,Q3,전출률,10.0
경상남도,35.2354,128.6922,2019-07-01,2019,Q3,전출률,10.7
제주특별자치도,33.4996,126.5312,2019-07-01,2019,Q3,전출률,11.7
행정구역(시도)별,,,2019-07-01,2019,Q3,순이동률,순이동률(%)
전국,,,2019-07-01,2019,Q3,순이동률,0.0
서울특별시,,,2019-07-01,2019,Q3,순이동률,-0.8
부산광역시,35.1796,129.0756,2019-07-01,2019,Q3,순이동률,-0.6
대구광역시,35.8714,128.6014,2019-07-01,2019,Q3,순이동률,-0.8
인천광역시,37.4563,126.7052,2019-07-01,2019,Q3,순이동률,-0.2
광주광역시,35.1595,126.8526,2019-07-01,2019,Q3,순이동률,0.1
대전광역시,36.3504,127.3845,2019-07-01,2019,Q3,순이동률,-1.0
울산광역시,35.5384,129.3114,2019-07-01,2019,Q3,순이동률,-0.7
세종특별자치시,36.48,127.289,2019-07-01,2019,Q3,순이동률,6.6
경기도,37.4138,127.5183,2019-07-01,2019,Q3,순이동률,1.2
강원특별자치도,37.8225,128.1555,2019-07-01,2019,Q3,순이동률,0.2
충청북도,36.6297,127.921,2019-07-01,2019,Q3,순이동률,0.0
충청남도,36.6353,126.7404,2019-07-01,2019,Q3,순이동률,-0.1
전북특별자치도,35.8175,127.14,2019-07-01,2019,Q3,순이동률,-0.6
전라남도,34.8006,126.2994,2019-07-01,2019,Q3,순이동률,-0.7
경상북도,36.1584,128.7364,2019-07-01,2019,Q3,순이동률,-0.2
경상남도,35.2354,128.6922,2019-07-01,2019,Q3,순이동률,-0.3
제주특별자치도,33.4996,126.5312,2019-07-01,2019,Q3,순이동률,0.4
행정구역(시도)별,,,2019-10-01,2019,Q4,전입률,총전입률(%)
전국,,,2019-10-01,2019,Q4,전입률,14.0
서울특별시,,,2019-10-01,2019,Q4,전입률,15.3
부산광역시,35.1796,129.0756,2019-10-01,2019,Q4,전입률,12.5
대구광역시,35.8714,128.6014,2019-10-01,2019,Q4,전입률,13.3
인천광역시,37.4563,126.7052,2019-10-01,2019,Q4,전입률,14.0
광주광역시,35.1595,126.8526,2019-10-01,2019,Q4,전입률,14.7
대전광역시,36.3504,127.3845,2019-10-01,2019,Q4,전입률,15.0
울산광역시,35.5384,129.3114,2019-10-01,2019,Q4,전입률,12.1
세종특별자치시,36.48,127.289,2019-10-01,2019,Q4,전입률,26.0
경기도,37.4138,127.5183,2019-10-01,2019,Q4,전입률,14.6
강원특별자치도,37.8225,128.1555,2019-10-01,2019,Q4,전입률,14.0
충청북도,36.6297,127.921,2019-10-01,2019,Q4,전입률,14.8
충청남도,36.6353,126.7404,2019-10-01,2019,Q4,전입률,11.8
전북특별자치도,35.8175,127.14,2019-10-01,2019,Q4,전입률,12.8
전라남도,34.8006,126.2994,2019-10-01,2019,Q4,전입률,13.2
경상북도,36.1584,128.7364,2019-10-01,2019,Q4,전입률,11.7
경상남도,35.2354,128.6922,2019-10-01,2019,Q4,전입률,11.8
제주특별자치도,33.4996,126.5312,2019-10-01,2019,Q4,전입률,13.6
행정구역(시도)별,,,2019-10-01,2019,Q4,전출률,총전출률(%)
전국,,,2019-10-01,2019,Q4,전출률,14.0
서울특별시,,,2019-10-01,2019,Q4,전출률,15.9
부산광역시,35.1796,129.0756,2019-10-01,2019,Q4,전출률,13.3
대구광역시,35.8714,128.6014,2019-10-01,2019,Q4,전출률,14.4
인천광역시,37.4563,126.7052,2019-10-01,2019,Q4,전출률,14.1
광주광역시,35.1595,126.8526,2019-10-01,2019,Q4,전출률,15.6
대전광역시,36.3504,127.3845,2019-10-01,2019,Q4,전출률,16.4
울산광역시,35.5384,129.3114,2019-10-01,2019,Q4,전출률,12.9
세종특별자치시,36.48,127.289,2019-10-01,2019,Q4,전출률,18.7
경기도,37.4138,127.5183,2019-10-01,2019,Q4,전출률,13.8
강원특별자치도,37.8225,128.1555,2019-10-01,2019,Q4,전출률,13.5
충청북도,36.6297,127.921,2019-10-01,2019,Q4,전출률,14.4
충청남도,36.6353,126.7404,2019-10-01,2019,Q4,전출률,11.9
전북특별자치도,35.8175,127.14,2019-10-01,2019,Q4,전출률,13.4
전라남도,34.8006,126.2994,2019-10-01,2019,Q4,전출률,12.3
경상북도,36.1584,128.7364,2019-10-01,2019,Q4,전출률,11.6
경상남도,35.2354,128.6922,2019-10-01,2019,Q4,전출률,11.9
제주특별자치도,33.4996,126.5312,2019-10-01,2019,Q4,전출률,13.5
행정구역(시도)별,,,2019-10-01,2019,Q4,순이동률,순이동률(%)
전국,,,2019-10-01,2019,Q4,순이동률,0.0
서울특별시,,,2019-10-01,2019,Q4,순이동률,-0.6
부산광역시,35.1796,129.0756,2019-10-01,2019,Q4,순이동률,-0.7
대구광역시,35.8714,128.6014,2019-10-01,2019,Q4,순이동률,-1.2
인천광역시,37.4563,126.7052,2019-10-01,2019,Q4,순이동률,-0.1
광주광역시,35.1595,126.8526,2019-10-01,2019,Q4,순이동률,-0.9
대전광역시,36.3504,127.3845,2019-10-01,2019,Q4,순이동률,-1.3
울산광역시,35.5384,129.3114,2019-10-01,2019,Q4,순이동률,-0.8
세종특별자치시,36.48,127.289,2019-10-01,2019,Q4,순이동률,7.3
경기도,37.4138,127.5183,2019-10-01,2019,Q4,순이동률,0.8
강원특별자치도,37.8225,128.1555,2019-10-01,2019,Q4,순이동률,0.5
충청북도,36.6297,127.921,2019-10-01,2019,Q4,순이동률,0.4
충청남도,36.6353,126.7404,2019-10-01,2019,Q4,순이동률,-0.1
전북특별자치도,35.8175,127.14,2019-10-01,2019,Q4,순이동률,-0.5
전라남도,34.8006,126.2994,2019-10-01,2019,Q4,순이동률,1.0
경상북도,36.1584,128.7364,2019-10-01,2019,Q4,순이동률,0.2
경상남도,35.2354,128.6922,2019-10-01,2019,Q4,순이동률,-0.1
제주특별자치도,33.4996,126.5312,2019-10-01,2019,Q4,순이동률,0.1
행정구역(시도)별,,,2020-01-01,2020,Q1,전입률,총전입률(%)
전국,,,2020-01-01,2020,Q1,전입률,17.2
서울특별시,,,2020-01-01,2020,Q1,전입률,19.6
부산광역시,35.1796,129.0756,2020-01-01,2020,Q1,전입률,16.3
대구광역시,35.8714,128.6014,2020-01-01,2020,Q1,전입률,15.9
인천광역시,37.4563,126.7052,2020-01-01,2020,Q1,전입률,15.7
광주광역시,35.1595,126.8526,2020-01-01,2020,Q1,전입률,17.7
대전광역시,36.3504,127.3845,2020-01-01,2020,Q1,전입률,18.5
울산광역시,35.5384,129.3114,2020-01-01,2020,Q1,전입률,14.5
세종특별자치시,36.48,127.289,2020-01-01,2020,Q1,전입률,27.4
경기도,37.4138,127.5183,2020-01-01,2020,Q1,전입률,18.2
강원특별자치도,37.8225,128.1555,2020-01-01,2020,Q1,전입률,17.8
충청북도,36.6297,127.921,2020-01-01,2020,Q1,전입률,16.0
충청남도,36.6353,126.7404,2020-01-01,2020,Q1,전입률,15.1
전북특별자치도,35.8175,127.14,2020-01-01,2020,Q1,전입률,15.7
전라남도,34.8006,126.2994,2020-01-01,2020,Q1,전입률,14.2
경상북도,36.1584,128.7364,2020-01-01,2020,Q1,전입률,13.9
경상남도,35.2354,128.6922,2020-01-01,2020,Q1,전입률,15.1
제주특별자치도,33.4996,126.5312,2020-01-01,2020,Q1,전입률,17.8
행정구역(시도)별,,,2020-01-01,2020,Q1,전출률,총전출률(%)
전국,,,2020-01-01,2020,Q1,전출률,17.2
서울특별시,,,2020-01-01,2020,Q1,전출률,19.4
부산광역시,35.1796,129.0756,2020-01-01,2020,Q1,전출률,16.5
대구광역시,35.8714,128.6014,2020-01-01,2020,Q1,전출률,16.5
인천광역시,37.4563,126.7052,2020-01-01,2020,Q1,전출률,16.3
광주광역시,35.1595,126.8526,2020-01-01,2020,Q1,전출률,17.9
대전광역시,36.3504,127.3845,2020-01-01,2020,Q1,전출률,19.4
울산광역시,35.5384,129.3114,2020-01-01,2020,Q1,전출률,15.9
세종특별자치시,36.48,127.289,2020-01-01,2020,Q1,전출률,23.2
경기도,37.4138,127.5183,2020-01-01,2020,Q1,전출률,16.8
강원특별자치도,37.8225,128.1555,2020-01-01,2020,Q1,전출률,18.2
충청북도,36.6297,127.921,2020-01-01,2020,Q1,전출률,16.4
충청남도,36.6353,126.7404,2020-01-01,2020,Q1,전출률,15.7
전북특별자치도,35.8175,127.14,2020-01-01,2020,Q1,전출률,16.6
전라남도,34.8006,126.2994,2020-01-01,2020,Q1,전출률,15.8
경상북도,36.1584,128.7364,2020-01-01,2020,Q1,전출률,15.4
경상남도,35.2354,128.6922,2020-01-01,2020,Q1,전출률,15.8
제주특별자치도,33.4996,126.5312,2020-01-01,2020,Q1,전출률,18.2
행정구역(시도)별,,,2020-01-01,2020,Q1,순이동률,순이동률(%)
전국,,,2020-01-01,2020,Q1,순이동률,0.0
서울특별시,,,2020-01-01,2020,Q1,순이동률,0.2
부산광역시,35.1796,129.0756,2020-01-01,2020,Q1,순이동률,-0.2
대구광역시,35.8714,128.6014,2020-01-01,2020,Q1,순이동률,-0.6
인천광역시,37.4563,126.7052,2020-01-01,2020,Q1,순이동률,-0.6
광주광역시,35.1595,126.8526,2020-01-01,2020,Q1,순이동률,-0.2
대전광역시,36.3504,127.3845,2020-01-01,2020,Q1,순이동률,-0.9
울산광역시,35.5384,129.3114,2020-01-01,2020,Q1,순이동률,-1.4
세종특별자치시,36.48,127.289,2020-01-01,2020,Q1,순이동률,4.2
경기도,37.4138,127.5183,2020-01-01,2020,Q1,순이동률,1.4
강원특별자치도,37.8225,128.1555,2020-01-01,2020,Q1,순이동률,-0.4
충청북도,36.6297,127.921,2020-01-01,2020,Q1,순이동률,-0.4
충청남도,36.6353,126.7404,2020-01-01,2020,Q1,순이동률,-0.6
전북특별자치도,35.8175,127.14,2020-01-01,2020,Q1,순이동률,-1.0
전라남도,34.8006,126.2994,2020-01-01,2020,Q1,순이동률,-1.6
경상북도,36.1584,128.7364,2020-01-01,2020,Q1,순이동률,-1.5
경상남도,35.2354,128.6922,2020-01-01,2020,Q1,순이동률,-0.7
제주특별자치도,33.4996,126.5312,2020-01-01,2020,Q1,순이동률,-0.3
행정구역(시도)별,,,2020-04-01,2020,Q2,전입률,총전입률(%)
전국,,,2020-04-01,2020,Q2,전입률,14.0
서울특별시,,,2020-04-01,2020,Q2,전입률,15.4
부산광역시,35.1796,129.0756,2020-04-01,2020,Q2,전입률,13.4
대구광역시,35.8714,128.6014,2020-04-01,2020,Q2,전입률,13.1
인천광역시,37.4563,126.7052,2020-04-01,2020,Q2,전입률,14.9
광주광역시,35.1595,126.8526,2020-04-01,2020,Q2,전입률,15.3
대전광역시,36.3504,127.3845,2020-04-01,2020,Q2,전입률,15.2
울산광역시,35.5384,129.3114,2020-04-01,2020,Q2,전입률,11.2
세종특별자치시,36.48,127.289,2020-04-01,2020,Q2,전입률,15.4
경기도,37.4138,127.5183,2020-04-01,2020,Q2,전입률,15.1
강원특별자치도,37.8225,128.1555,2020-04-01,2020,Q2,전입률,13.7
충청북도,36.6297,127.921,2020-04-01,2020,Q2,전입률,13.6
충청남도,36.6353,126.7404,2020-04-01,2020,Q2,전입률,13.3
전북특별자치도,35.8175,127.14,2020-04-01,2020,Q2,전입률,12.8
전라남도,34.8006,126.2994,2020-04-01,2020,Q2,전입률,11.6
경상북도,36.1584,128.7364,2020-04-01,2020,Q2,전입률,11.4
경상남도,35.2354,128.6922,2020-04-01,2020,Q2,전입률,10.9
제주특별자치도,33.4996,126.5312,2020-04-01,2020,Q2,전입률,14.3
행정구역(시도)별,,,2020-04-01,2020,Q2,전출률,총전출률(%)
전국,,,2020-04-01,2020,Q2,전출률,14.0
서울특별시,,,2020-04-01,2020,Q2,전출률,16.0
부산광역시,35.1796,129.0756,2020-04-01,2020,Q2,전출률,13.9
대구광역시,35.8714,128.6014,2020-04-01,2020,Q2,전출률,13.9
인천광역시,37.4563,126.7052,2020-04-01,2020,Q2,전출률,15.7
광주광역시,35.1595,126.8526,2020-04-01,2020,Q2,전출률,15.4
대전광역시,36.3504,127.3845,2020-04-01,2020,Q2,전출률,15.4
울산광역시,35.5384,129.3114,2020-04-01,2020,Q2,전출률,12.2
세종특별자치시,36.48,127.289,2020-04-01,2020,Q2,전출률,15.4
경기도,37.4138,127.5183,2020-04-01,2020,Q2,전출률,13.7
강원특별자치도,37.8225,128.1555,2020-04-01,2020,Q2,전출률,13.3
충청북도,36.6297,127.921,2020-04-01,2020,Q2,전출률,13.5
충청남도,36.6353,126.7404,2020-04-01,2020,Q2,전출률,13.2
전북특별자치도,35.8175,127.14,2020-04-01,2020,Q2,전출률,13.4
전라남도,34.8006,126.2994,2020-04-01,2020,Q2,전출률,12.2
경상북도,36.1584,128.7364,2020-04-01,2020,Q2,전출률,12.2
경상남도,35.2354,128.6922,2020-04-01,2020,Q2,전출률,11.5
제주특별자치도,33.4996,126.5312,2020-04-01,2020,Q2,전출률,13.8
행정구역(시도)별,,,2020-04-01,2020,Q2,순이동률,순이동률(%)
전국,,,2020-04-01,2020,Q2,순이동률,0.0
서울특별시,,,2020-04-01,2020,Q2,순이동률,-0.6
부산광역시,35.1796,129.0756,2020-04-01,2020,Q2,순이동률,-0.5
대구광역시,35.8714,128.6014,2020-04-01,2020,Q2,순이동률,-0.8
인천광역시,37.4563,126.7052,2020-04-01,2020,Q2,순이동률,-0.8
광주광역시,35.1595,126.8526,2020-04-01,2020,Q2,순이동률,-0.2
대전광역시,36.3504,127.3845,2020-04-01,2020,Q2,순이동률,-0.2
울산광역시,35.5384,129.3114,2020-04-01,2020,Q2,순이동률,-1.0
세종특별자치시,36.48,127.289,2020-04-01,2020,Q2,순이동률,0.0
경기도,37.4138,127.5183,2020-04-01,2020,Q2,순이동률,1.4
강원특별자치도,37.8225,128.1555,2020-04-01,2020,Q2,순이동률,0.4
충청북도,36.6297,127.921,2020-04-01,2020,Q2,순이동률,0.1
충청남도,36.6353,126.7404,2020-04-01,2020,Q2,순이동률,0.1
전북특별자치도,35.8175,127.14,2020-04-01,2020,Q2,순이동률,-0.6
전라남도,34.8006,126.2994,2020-04-01,2020,Q2,순이동률,-0.6
경상북도,36.1584,128.7364,2020-04-01,2020,Q2,순이동률,-0.7
경상남도,35.2354,128.6922,2020-04-01,2020,Q2,순이동률,-0.6
제주특별자치도,33.4996,126.5312,2020-04-01,2020,Q2,순이동률,0.4
행정구역(시도)별,,,2020-07-01,2020,Q3,전입률,총전입률(%)
전국,,,2020-07-01,2020,Q3,전입률,14.1
서울특별시,,,2020-07-01,2020,Q3,전입률,15.3
부산광역시,35.1796,129.0756,2020-07-01,2020,Q3,전입률,13.7
대구광역시,35.8714,128.6014,2020-07-01,2020,Q3,전입률,13.7
인천광역시,37.4563,126.7052,2020-07-01,2020,Q3,전입률,14.9
광주광역시,35.1595,126.8526,2020-07-01,2020,Q3,전입률,14.1
대전광역시,36.3504,127.3845,2020-07-01,2020,Q3,전입률,14.2
울산광역시,35.5384,129.3114,2020-07-01,2020,Q3,전입률,10.3
세종특별자치시,36.48,127.289,2020-07-01,2020,Q3,전입률,18.7
경기도,37.4138,127.5183,2020-07-01,2020,Q3,전입률,16.0
강원특별자치도,37.8225,128.1555,2020-07-01,2020,Q3,전입률,12.9
충청북도,36.6297,127.921,2020-07-01,2020,Q3,전입률,12.6
충청남도,36.6353,126.7404,2020-07-01,2020,Q3,전입률,12.6
전북특별자치도,35.8175,127.14,2020-07-01,2020,Q3,전입률,13.2
전라남도,34.8006,126.2994,2020-07-01,2020,Q3,전입률,12.1
경상북도,36.1584,128.7364,2020-07-01,2020,Q3,전입률,10.4
경상남도,35.2354,128.6922,2020-07-01,2020,Q3,전입률,10.5
제주특별자치도,33.4996,126.5312,2020-07-01,2020,Q3,전입률,12.9
행정구역(시도)별,,,2020-07-01,2020,Q3,전출률,총전출률(%)
전국,,,2020-07-01,2020,Q3,전출률,14.1
서울특별시,,,2020-07-01,2020,Q3,전출률,16.3
부산광역시,35.1796,129.0756,2020-07-01,2020,Q3,전출률,14.1
대구광역시,35.8714,128.6014,2020-07-01,2020,Q3,전출률,13.8
인천광역시,37.4563,126.7052,2020-07-01,2020,Q3,전출률,15.7
광주광역시,35.1595,126.8526,2020-07-01,2020,Q3,전출률,14.4
대전광역시,36.3504,127.3845,2020-07-01,2020,Q3,전출률,14.8
울산광역시,35.5384,129.3114,2020-07-01,2020,Q3,전출률,11.5
세종특별자치시,36.48,127.289,2020-07-01,2020,Q3,전출률,16.3
경기도,37.4138,127.5183,2020-07-01,2020,Q3,전출률,14.7
강원특별자치도,37.8225,128.1555,2020-07-01,2020,Q3,전출률,12.2
충청북도,36.6297,127.921,2020-07-01,2020,Q3,전출률,12.3
충청남도,36.6353,126.7404,2020-07-01,2020,Q3,전출률,12.4
전북특별자치도,35.8175,127.14,2020-07-01,2020,Q3,전출률,13.4
전라남도,34.8006,126.2994,2020-07-01,2020,Q3,전출률,12.5
경상북도,36.1584,128.7364,2020-07-01,2020,Q3,전출률,11.1
경상남도,35.2354,128.6922,2020-07-01,2020,Q3,전출률,11.1
제주특별자치도,33.4996,126.5312,2020-07-01,2020,Q3,전출률,12.0
행정구역(시도)별,,,2020-07-01,2020,Q3,순이동률,순이동률(%)
전국,,,2020-07-01,2020,Q3,순이동률,0.0
서울특별시,,,2020-07-01,2020,Q3,순이동률,-1.0
부산광역시,35.1796,129.0756,2020-07-01,2020,Q3,순이동률,-0.4
대구광역시,35.8714,128.6014,2020-07-01,2020,Q3,순이동률,-0.1
인천광역시,37.4563,126.7052,2020-07-01,2020,Q3,순이동률,-0.8
광주광역시,35.1595,126.8526,2020-07-01,2020,Q3,순이동률,-0.3
대전광역시,36.3504,127.3845,2020-07-01,2020,Q3,순이동률,-0.6
울산광역시,35.5384,129.3114,2020-07-01,2020,Q3,순이동률,-1.2
세종특별자치시,36.48,127.289,2020-07-01,2020,Q3,순이동률,2.4
경기도,37.4138,127.5183,2020-07-01,2020,Q3,순이동률,1.3
강원특별자치도,37.8225,128.1555,2020-07-01,2020,Q3,순이동률,0.7
충청북도,36.6297,127.921,2020-07-01,2020,Q3,순이동률,0.3
충청남도,36.6353,126.7404,2020-07-01,2020,Q3,순이동률,0.2
전북특별자치도,35.8175,127.14,2020-07-01,2020,Q3,순이동률,-0.2
전라남도,34.8006,126.2994,2020-07-01,2020,Q3,순이동률,-0.4
경상북도,36.1584,128.7364,2020-07-01,2020,Q3,순이동률,-0.7
경상남도,35.2354,128.6922,2020-07-01,2020,Q3,순이동률,-0.5
제주특별자치도,33.4996,126.5312,2020-07-01,2020,Q3,순이동률,0.9
행정구역(시도)별,,,2020-10-01,2020,Q4,전입률,총전입률(%)
전국,,,2020-10-01,2020,Q4,전입률,15.0
서울특별시,,,2020-10-01,2020,Q4,전입률,15.8
부산광역시,35.1796,129.0756,2020-10-01,2020,Q4,전입률,15.0
대구광역시,35.8714,128.6014,2020-10-01,2020,Q4,전입률,15.0
인천광역시,37.4563,126.7052,2020-10-01,2020,Q4,전입률,15.4
광주광역시,35.1595,126.8526,2020-10-01,2020,Q4,전입률,15.5
대전광역시,36.3504,127.3845,2020-10-01,2020,Q4,전입률,15.7
울산광역시,35.5384,129.3114,2020-10-01,2020,Q4,전입률,11.9
세종특별자치시,36.48,127.289,2020-10-01,2020,Q4,전입률,29.8
경기도,37.4138,127.5183,2020-10-01,2020,Q4,전입률,15.9
강원특별자치도,37.8225,128.1555,2020-10-01,2020,Q4,전입률,14.2
충청북도,36.6297,127.921,2020-10-01,2020,Q4,전입률,15.7
충청남도,36.6353,126.7404,2020-10-01,2020,Q4,전입률,13.5
전북특별자치도,35.8175,127.14,2020-10-01,2020,Q4,전입률,13.8
전라남도,34.8006,126.2994,2020-10-01,2020,Q4,전입률,13.9
경상북도,36.1584,128.7364,2020-10-01,2020,Q4,전입률,12.5
경상남도,35.2354,128.6922,2020-10-01,2020,Q4,전입률,11.8
제주특별자치도,33.4996,126.5312,2020-10-01,2020,Q4,전입률,14.0
행정구역(시도)별,,,2020-10-01,2020,Q4,전출률,총전출률(%)
전국,,,2020-10-01,2020,Q4,전출률,15.0
서울특별시,,,2020-10-01,2020,Q4,전출률,17.1
부산광역시,35.1796,129.0756,2020-10-01,2020,Q4,전출률,15.6
대구광역시,35.8714,128.6014,2020-10-01,2020,Q4,전출률,16.2
인천광역시,37.4563,126.7052,2020-10-01,2020,Q4,전출률,15.3
광주광역시,35.1595,126.8526,2020-10-01,2020,Q4,전출률,16.5
대전광역시,36.3504,127.3845,2020-10-01,2020,Q4,전출률,17.1
울산광역시,35.5384,129.3114,2020-10-01,2020,Q4,전출률,13.2
세종특별자치시,36.48,127.289,2020-10-01,2020,Q4,전출률,21.4
경기도,37.4138,127.5183,2020-10-01,2020,Q4,전출률,14.8
강원특별자치도,37.8225,128.1555,2020-10-01,2020,Q4,전출률,13.4
충청북도,36.6297,127.921,2020-10-01,2020,Q4,전출률,14.8
충청남도,36.6353,126.7404,2020-10-01,2020,Q4,전출률,13.1
전북특별자치도,35.8175,127.14,2020-10-01,2020,Q4,전출률,13.9
전라남도,34.8006,126.2994,2020-10-01,2020,Q4,전출률,13.4
경상북도,36.1584,128.7364,2020-10-01,2020,Q4,전출률,12.2
경상남도,35.2354,128.6922,2020-10-01,2020,Q4,전출률,12.0
제주특별자치도,33.4996,126.5312,2020-10-01,2020,Q4,전출률,12.9
행정구역(시도)별,,,2020-10-01,2020,Q4,순이동률,순이동률(%)
전국,,,2020-10-01,2020,Q4,순이동률,0.0
서울특별시,,,2020-10-01,2020,Q4,순이동률,-1.3
부산광역시,35.1796,129.0756,2020-10-01,2020,Q4,순이동률,-0.6
대구광역시,35.8714,128.6014,2020-10-01,2020,Q4,순이동률,-1.2
인천광역시,37.4563,126.7052,2020-10-01,2020,Q4,순이동률,0.1
광주광역시,35.1595,126.8526,2020-10-01,2020,Q4,순이동률,-1.0
대전광역시,36.3504,127.3845,2020-10-01,2020,Q4,순이동률,-1.4
울산광역시,35.5384,129.3114,2020-10-01,2020,Q4,순이동률,-1.3
세종특별자치시,36.48,127.289,2020-10-01,2020,Q4,순이동률,8.3
경기도,37.4138,127.5183,2020-10-01,2020,Q4,순이동률,1.1
강원특별자치도,37.8225,128.1555,2020-10-01,2020,Q4,순이동률,0.8
충청북도,36.6297,127.921,2020-10-01,2020,Q4,순이동률,0.8
충청남도,36.6353,126.7404,2020-10-01,2020,Q4,순이동률,0.3
전북특별자치도,35.8175,127.14,2020-10-01,2020,Q4,순이동률,-0.1
전라남도,34.8006,126.2994,2020-10-01,2020,Q4,순이동률,0.6
경상북도,36.1584,128.7364,2020-10-01,2020,Q4,순이동률,0.3
경상남도,35.2354,128.6922,2020-10-01,2020,Q4,순이동률,-0.2
제주특별자치도,33.4996,126.5312,2020-10-01,2020,Q4,순이동률,1.1
행정구역(시도)별,,,2021-01-01,2021,Q1,전입률,총전입률(%)
전국,,,2021-01-01,2021,Q1,전입률,16.4
서울특별시,,,2021-01-01,2021,Q1,전입률,17.4
부산광역시,35.1796,129.0756,2021-01-01,2021,Q1,전입률,15.7
대구광역시,35.8714,128.6014,2021-01-01,2021,Q1,전입률,15.5
인천광역시,37.4563,126.7052,2021-01-01,2021,Q1,전입률,15.2
광주광역시,35.1595,126.8526,2021-01-01,2021,Q1,전입률,17.4
대전광역시,36.3504,127.3845,2021-01-01,2021,Q1,전입률,17.4
울산광역시,35.5384,129.3114,2021-01-01,2021,Q1,전입률,13.9
세종특별자치시,36.48,127.289,2021-01-01,2021,Q1,전입률,25.2
경기도,37.4138,127.5183,2021-01-01,2021,Q1,전입률,17.7
강원특별자치도,37.8225,128.1555,2021-01-01,2021,Q1,전입률,15.2
충청북도,36.6297,127.921,2021-01-01,2021,Q1,전입률,15.8
충청남도,36.6353,126.7404,2021-01-01,2021,Q1,전입률,15.7
전북특별자치도,35.8175,127.14,2021-01-01,2021,Q1,전입률,14.3
전라남도,34.8006,126.2994,2021-01-01,2021,Q1,전입률,14.9
경상북도,36.1584,128.7364,2021-01-01,2021,Q1,전입률,14.6
경상남도,35.2354,128.6922,2021-01-01,2021,Q1,전입률,13.8
제주특별자치도,33.4996,126.5312,2021-01-01,2021,Q1,전입률,18.0
행정구역(시도)별,,,2021-01-01,2021,Q1,전출률,총전출률(%)
전국,,,2021-01-01,2021,Q1,전출률,16.4
서울특별시,,,2021-01-01,2021,Q1,전출률,18.5
부산광역시,35.1796,129.0756,2021-01-01,2021,Q1,전출률,16.3
대구광역시,35.8714,128.6014,2021-01-01,2021,Q1,전출률,16.8
인천광역시,37.4563,126.7052,2021-01-01,2021,Q1,전출률,15.4
광주광역시,35.1595,126.8526,2021-01-01,2021,Q1,전출률,18.4
대전광역시,36.3504,127.3845,2021-01-01,2021,Q1,전출률,18.2
울산광역시,35.5384,129.3114,2021-01-01,2021,Q1,전출률,15.9
세종특별자치시,36.48,127.289,2021-01-01,2021,Q1,전출률,20.3
경기도,37.4138,127.5183,2021-01-01,2021,Q1,전출률,15.9
강원특별자치도,37.8225,128.1555,2021-01-01,2021,Q1,전출률,15.6
충청북도,36.6297,127.921,2021-01-01,2021,Q1,전출률,16.1
충청남도,36.6353,126.7404,2021-01-01,2021,Q1,전출률,15.7
전북특별자치도,35.8175,127.14,2021-01-01,2021,Q1,전출률,14.8
전라남도,34.8006,126.2994,2021-01-01,2021,Q1,전출률,15.1
경상북도,36.1584,128.7364,2021-01-01,2021,Q1,전출률,14.6
경상남도,35.2354,128.6922,2021-01-01,2021,Q1,전출률,14.4
제주특별자치도,33.4996,126.5312,2021-01-01,2021,Q1,전출률,17.6
행정구역(시도)별,,,2021-01-01,2021,Q1,순이동률,순이동률(%)
전국,,,2021-01-01,2021,Q1,순이동률,0.0
서울특별시,,,2021-01-01,2021,Q1,순이동률,-1.1
부산광역시,35.1796,129.0756,2021-01-01,2021,Q1,순이동률,-0.6
대구광역시,35.8714,128.6014,2021-01-01,2021,Q1,순이동률,-1.3
인천광역시,37.4563,126.7052,2021-01-01,2021,Q1,순이동률,-0.2
광주광역시,35.1595,126.8526,2021-01-01,2021,Q1,순이동률,-0.9
대전광역시,36.3504,127.3845,2021-01-01,2021,Q1,순이동률,-0.9
울산광역시,35.5384,129.3114,2021-01-01,2021,Q1,순이동률,-2.0
세종특별자치시,36.48,127.289,2021-01-01,2021,Q1,순이동률,4.9
경기도,37.4138,127.5183,2021-01-01,2021,Q1,순이동률,1.7
강원특별자치도,37.8225,128.1555,2021-01-01,2021,Q1,순이동률,-0.4
충청북도,36.6297,127.921,2021-01-01,2021,Q1,순이동률,-0.4
충청남도,36.6353,126.7404,2021-01-01,2021,Q1,순이동률,0.1
전북특별자치도,35.8175,127.14,2021-01-01,2021,Q1,순이동률,-0.6
전라남도,34.8006,126.2994,2021-01-01,2021,Q1,순이동률,-0.2
경상북도,36.1584,128.7364,2021-01-01,2021,Q1,순이동률,0.0
경상남도,35.2354,128.6922,2021-01-01,2021,Q1,순이동률,-0.6
제주특별자치도,33.4996,126.5312,2021-01-01,2021,Q1,순이동률,0.4
행정구역(시도)별,,,2021-04-01,2021,Q2,전입률,총전입률(%)
전국,,,2021-04-01,2021,Q2,전입률,13.2
서울특별시,,,2021-04-01,2021,Q2,전입률,14.2
부산광역시,35.1796,129.0756,2021-04-01,2021,Q2,전입률,13.0
대구광역시,35.8714,128.6014,2021-04-01,2021,Q2,전입률,11.6
인천광역시,37.4563,126.7052,2021-04-01,2021,Q2,전입률,14.5
광주광역시,35.1595,126.8526,2021-04-01,2021,Q2,전입률,14.0
대전광역시,36.3504,127.3845,2021-04-01,2021,Q2,전입률,12.7
울산광역시,35.5384,129.3114,2021-04-01,2021,Q2,전입률,10.7
세종특별자치시,36.48,127.289,2021-04-01,2021,Q2,전입률,16.3
경기도,37.4138,127.5183,2021-04-01,2021,Q2,전입률,14.3
강원특별자치도,37.8225,128.1555,2021-04-01,2021,Q2,전입률,13.2
충청북도,36.6297,127.921,2021-04-01,2021,Q2,전입률,13.2
충청남도,36.6353,126.7404,2021-04-01,2021,Q2,전입률,12.9
전북특별자치도,35.8175,127.14,2021-04-01,2021,Q2,전입률,11.6
전라남도,34.8006,126.2994,2021-04-01,2021,Q2,전입률,11.1
경상북도,36.1584,128.7364,2021-04-01,2021,Q2,전입률,11.6
경상남도,35.2354,128.6922,2021-04-01,2021,Q2,전입률,10.6
제주특별자치도,33.4996,126.5312,2021-04-01,2021,Q2,전입률,12.8
행정구역(시도)별,,,2021-04-01,2021,Q2,전출률,총전출률(%)
전국,,,2021-04-01,2021,Q2,전출률,13.2
서울특별시,,,2021-04-01,2021,Q2,전출률,15.3
부산광역시,35.1796,129.0756,2021-04-01,2021,Q2,전출률,13.6
대구광역시,35.8714,128.6014,2021-04-01,2021,Q2,전출률,12.7
인천광역시,37.4563,126.7052,2021-04-01,2021,Q2,전출률,14.4
광주광역시,35.1595,126.8526,2021-04-01,2021,Q2,전출률,14.5
대전광역시,36.3504,127.3845,2021-04-01,2021,Q2,전출률,13.4
울산광역시,35.5384,129.3114,2021-04-01,2021,Q2,전출률,11.8
세종특별자치시,36.48,127.289,2021-04-01,2021,Q2,전출률,14.1
경기도,37.4138,127.5183,2021-04-01,2021,Q2,전출률,13.4
강원특별자치도,37.8225,128.1555,2021-04-01,2021,Q2,전출률,12.6
충청북도,36.6297,127.921,2021-04-01,2021,Q2,전출률,12.4
충청남도,36.6353,126.7404,2021-04-01,2021,Q2,전출률,12.2
전북특별자치도,35.8175,127.14,2021-04-01,2021,Q2,전출률,11.6
전라남도,34.8006,126.2994,2021-04-01,2021,Q2,전출률,11.2
경상북도,36.1584,128.7364,2021-04-01,2021,Q2,전출률,11.1
경상남도,35.2354,128.6922,2021-04-01,2021,Q2,전출률,10.8
제주특별자치도,33.4996,126.5312,2021-04-01,2021,Q2,전출률,11.9
행정구역(시도)별,,,2021-04-01,2021,Q2,순이동률,순이동률(%)
전국,,,2021-04-01,2021,Q2,순이동률,0.0
서울특별시,,,2021-04-01,2021,Q2,순이동률,-1.1
부산광역시,35.1796,129.0756,2021-04-01,2021,Q2,순이동률,-0.6
대구광역시,35.8714,128.6014,2021-04-01,2021,Q2,순이동률,-1.1
인천광역시,37.4563,126.7052,2021-04-01,2021,Q2,순이동률,0.0
광주광역시,35.1595,126.8526,2021-04-01,2021,Q2,순이동률,-0.5
대전광역시,36.3504,127.3845,2021-04-01,2021,Q2,순이동률,-0.7
울산광역시,35.5384,129.3114,2021-04-01,2021,Q2,순이동률,-1.1
세종특별자치시,36.48,127.289,2021-04-01,2021,Q2,순이동률,2.2
경기도,37.4138,127.5183,2021-04-01,2021,Q2,순이동률,1.0
강원특별자치도,37.8225,128.1555,2021-04-01,2021,Q2,순이동률,0.6
충청북도,36.6297,127.921,2021-04-01,2021,Q2,순이동률,0.8
충청남도,36.6353,126.7404,2021-04-01,2021,Q2,순이동률,0.6
전북특별자치도,35.8175,127.14,2021-04-01,2021,Q2,순이동률,0.0
전라남도,34.8006,126.2994,2021-04-01,2021,Q2,순이동률,-0.1
경상북도,36.1584,128.7364,2021-04-01,2021,Q2,순이동률,0.5
경상남도,35.2354,128.6922,2021-04-01,2021,Q2,순이동률,-0.2
제주특별자치도,33.4996,126.5312,2021-04-01,2021,Q2,순이동률,0.8
행정구역(시도)별,,,2021-07-01,2021,Q3,전입률,총전입률(%)
전국,,,2021-07-01,2021,Q3,전입률,13.3
서울특별시,,,2021-07-01,2021,Q3,전입률,14.6
부산광역시,35.1796,129.0756,2021-07-01,2021,Q3,전입률,12.2
대구광역시,35.8714,128.6014,2021-07-01,2021,Q3,전입률,11.1
인천광역시,37.4563,126.7052,2021-07-01,2021,Q3,전입률,15.6
광주광역시,35.1595,126.8526,2021-07-01,2021,Q3,전입률,14.4
대전광역시,36.3504,127.3845,2021-07-01,2021,Q3,전입률,12.9
울산광역시,35.5384,129.3114,2021-07-01,2021,Q3,전입률,10.4
세종특별자치시,36.48,127.289,2021-07-01,2021,Q3,전입률,18.9
경기도,37.4138,127.5183,2021-07-01,2021,Q3,전입률,14.5
강원특별자치도,37.8225,128.1555,2021-07-01,2021,Q3,전입률,13.7
충청북도,36.6297,127.921,2021-07-01,2021,Q3,전입률,12.0
충청남도,36.6353,126.7404,2021-07-01,2021,Q3,전입률,12.6
전북특별자치도,35.8175,127.14,2021-07-01,2021,Q3,전입률,11.8
전라남도,34.8006,126.2994,2021-07-01,2021,Q3,전입률,10.8
경상북도,36.1584,128.7364,2021-07-01,2021,Q3,전입률,10.9
경상남도,35.2354,128.6922,2021-07-01,2021,Q3,전입률,10.2
제주특별자치도,33.4996,126.5312,2021-07-01,2021,Q3,전입률,12.7
행정구역(시도)별,,,2021-07-01,2021,Q3,전출률,총전출률(%)
전국,,,2021-07-01,2021,Q3,전출률,13.3
서울특별시,,,2021-07-01,2021,Q3,전출률,15.6
부산광역시,35.1796,129.0756,2021-07-01,2021,Q3,전출률,12.7
대구광역시,35.8714,128.6014,2021-07-01,2021,Q3,전출률,11.9
인천광역시,37.4563,126.7052,2021-07-01,2021,Q3,전출률,14.9
광주광역시,35.1595,126.8526,2021-07-01,2021,Q3,전출률,14.4
대전광역시,36.3504,127.3845,2021-07-01,2021,Q3,전출률,13.2
울산광역시,35.5384,129.3114,2021-07-01,2021,Q3,전출률,11.6
세종특별자치시,36.48,127.289,2021-07-01,2021,Q3,전출률,15.7
경기도,37.4138,127.5183,2021-07-01,2021,Q3,전출률,13.5
강원특별자치도,37.8225,128.1555,2021-07-01,2021,Q3,전출률,13.1
충청북도,36.6297,127.921,2021-07-01,2021,Q3,전출률,12.0
충청남도,36.6353,126.7404,2021-07-01,2021,Q3,전출률,12.4
전북특별자치도,35.8175,127.14,2021-07-01,2021,Q3,전출률,12.1
전라남도,34.8006,126.2994,2021-07-01,2021,Q3,전출률,11.5
경상북도,36.1584,128.7364,2021-07-01,2021,Q3,전출률,11.1
경상남도,35.2354,128.6922,2021-07-01,2021,Q3,전출률,10.8
제주특별자치도,33.4996,126.5312,2021-07-01,2021,Q3,전출률,12.2
행정구역(시도)별,,,2021-07-01,2021,Q3,순이동률,순이동률(%)
전국,,,2021-07-01,2021,Q3,순이동률,0.0
서울특별시,,,2021-07-01,2021,Q3,순이동률,-1.0
부산광역시,35.1796,129.0756,2021-07-01,2021,Q3,순이동률,-0.5
대구광역시,35.8714,128.6014,2021-07-01,2021,Q3,순이동률,-0.7
인천광역시,37.4563,126.7052,2021-07-01,2021,Q3,순이동률,0.7
광주광역시,35.1595,126.8526,2021-07-01,2021,Q3,순이동률,0.0
대전광역시,36.3504,127.3845,2021-07-01,2021,Q3,순이동률,-0.3
울산광역시,35.5384,129.3114,2021-07-01,2021,Q3,순이동률,-1.2
세종특별자치시,36.48,127.289,2021-07-01,2021,Q3,순이동률,3.2
경기도,37.4138,127.5183,2021-07-01,2021,Q3,순이동률,1.1
강원특별자치도,37.8225,128.1555,2021-07-01,2021,Q3,순이동률,0.6
충청북도,36.6297,127.921,2021-07-01,2021,Q3,순이동률,0.0
충청남도,36.6353,126.7404,2021-07-01,2021,Q3,순이동률,0.3
전북특별자치도,35.8175,127.14,2021-07-01,2021,Q3,순이동률,-0.4
전라남도,34.8006,126.2994,2021-07-01,2021,Q3,순이동률,-0.7
경상북도,36.1584,128.7364,2021-07-01,2021,Q3,순이동률,-0.3
경상남도,35.2354,128.6922,2021-07-01,2021,Q3,순이동률,-0.6
제주특별자치도,33.4996,126.5312,2021-07-01,2021,Q3,순이동률,0.5
행정구역(시도)별,,,2021-10-01,2021,Q4,전입률,총전입률(%)
전국,,,2021-10-01,2021,Q4,전입률,13.3
서울특별시,,,2021-10-01,2021,Q4,전입률,13.8
부산광역시,35.1796,129.0756,2021-10-01,2021,Q4,전입률,11.9
대구광역시,35.8714,128.6014,2021-10-01,2021,Q4,전입률,12.9
인천광역시,37.4563,126.7052,2021-10-01,2021,Q4,전입률,14.0
광주광역시,35.1595,126.8526,2021-10-01,2021,Q4,전입률,13.4
대전광역시,36.3504,127.3845,2021-10-01,2021,Q4,전입률,15.5
울산광역시,35.5384,129.3114,2021-10-01,2021,Q4,전입률,11.3
세종특별자치시,36.48,127.289,2021-10-01,2021,Q4,전입률,24.5
경기도,37.4138,127.5183,2021-10-01,2021,Q4,전입률,14.2
강원특별자치도,37.8225,128.1555,2021-10-01,2021,Q4,전입률,14.7
충청북도,36.6297,127.921,2021-10-01,2021,Q4,전입률,13.0
충청남도,36.6353,126.7404,2021-10-01,2021,Q4,전입률,12.4
전북특별자치도,35.8175,127.14,2021-10-01,2021,Q4,전입률,12.5
전라남도,34.8006,126.2994,2021-10-01,2021,Q4,전입률,12.0
경상북도,36.1584,128.7364,2021-10-01,2021,Q4,전입률,11.5
경상남도,35.2354,128.6922,2021-10-01,2021,Q4,전입률,10.8
제주특별자치도,33.4996,126.5312,2021-10-01,2021,Q4,전입률,13.2
행정구역(시도)별,,,2021-10-01,2021,Q4,전출률,총전출률(%)
전국,,,2021-10-01,2021,Q4,전출률,13.3
서울특별시,,,2021-10-01,2021,Q4,전출률,15.0
부산광역시,35.1796,129.0756,2021-10-01,2021,Q4,전출률,12.5
대구광역시,35.8714,128.6014,2021-10-01,2021,Q4,전출률,13.8
인천광역시,37.4563,126.7052,2021-10-01,2021,Q4,전출률,13.0
광주광역시,35.1595,126.8526,2021-10-01,2021,Q4,전출률,13.6
대전광역시,36.3504,127.3845,2021-10-01,2021,Q4,전출률,16.1
울산광역시,35.5384,129.3114,2021-10-01,2021,Q4,전출률,11.8
세종특별자치시,36.48,127.289,2021-10-01,2021,Q4,전출률,19.3
경기도,37.4138,127.5183,2021-10-01,2021,Q4,전출률,13.5
강원특별자치도,37.8225,128.1555,2021-10-01,2021,Q4,전출률,13.8
충청북도,36.6297,127.921,2021-10-01,2021,Q4,전출률,12.5
충청남도,36.6353,126.7404,2021-10-01,2021,Q4,전출률,11.7
전북특별자치도,35.8175,127.14,2021-10-01,2021,Q4,전출률,12.9
전라남도,34.8006,126.2994,2021-10-01,2021,Q4,전출률,12.0
경상북도,36.1584,128.7364,2021-10-01,2021,Q4,전출률,11.2
경상남도,35.2354,128.6922,2021-10-01,2021,Q4,전출률,11.1
제주특별자치도,33.4996,126.5312,2021-10-01,2021,Q4,전출률,12.6
행정구역(시도)별,,,2021-10-01,2021,Q4,순이동률,순이동률(%)
전국,,,2021-10-01,2021,Q4,순이동률,0.0
서울특별시,,,2021-10-01,2021,Q4,순이동률,-1.2
부산광역시,35.1796,129.0756,2021-10-01,2021,Q4,순이동률,-0.6
대구광역시,35.8714,128.6014,2021-10-01,2021,Q4,순이동률,-0.9
인천광역시,37.4563,126.7052,2021-10-01,2021,Q4,순이동률,1.0
광주광역시,35.1595,126.8526,2021-10-01,2021,Q4,순이동률,-0.2
대전광역시,36.3504,127.3845,2021-10-01,2021,Q4,순이동률,-0.6
울산광역시,35.5384,129.3114,2021-10-01,2021,Q4,순이동률,-0.6
세종특별자치시,36.48,127.289,2021-10-01,2021,Q4,순이동률,5.3
경기도,37.4138,127.5183,2021-10-01,2021,Q4,순이동률,0.7
강원특별자치도,37.8225,128.1555,2021-10-01,2021,Q4,순이동률,0.9
충청북도,36.6297,127.921,2021-10-01,2021,Q4,순이동률,0.5
충청남도,36.6353,126.7404,2021-10-01,2021,Q4,순이동률,0.6
전북특별자치도,35.8175,127.14,2021-10-01,2021,Q4,순이동률,-0.4
전라남도,34.8006,126.2994,2021-10-01,2021,Q4,순이동률,0.0
경상북도,36.1584,128.7364,2021-10-01,2021,Q4,순이동률,0.3
경상남도,35.2354,128.6922,2021-10-01,2021,Q4,순이동률,-0.3
제주특별자치도,33.4996,126.5312,2021-10-01,2021,Q4,순이동률,0.6
행정구역(시도)별,,,2022-01-01,2022,Q1,전입률,총전입률(%)
전국,,,2022-01-01,2022,Q1,전입률,14.3
서울특별시,,,2022-01-01,2022,Q1,전입률,15.8
부산광역시,35.1796,129.0756,2022-01-01,2022,Q1,전입률,14.2
대구광역시,35.8714,128.6014,2022-01-01,2022,Q1,전입률,13.2
인천광역시,37.4563,126.7052,2022-01-01,2022,Q1,전입률,14.2
광주광역시,35.1595,126.8526,2022-01-01,2022,Q1,전입률,14.6
대전광역시,36.3504,127.3845,2022-01-01,2022,Q1,전입률,17.3
울산광역시,35.5384,129.3114,2022-01-01,2022,Q1,전입률,11.7
세종특별자치시,36.48,127.289,2022-01-01,2022,Q1,전입률,26.3
경기도,37.4138,127.5183,2022-01-01,2022,Q1,전입률,13.8
강원특별자치도,37.8225,128.1555,2022-01-01,2022,Q1,전입률,15.7
충청북도,36.6297,127.921,2022-01-01,2022,Q1,전입률,13.8
충청남도,36.6353,126.7404,2022-01-01,2022,Q1,전입률,14.6
전북특별자치도,35.8175,127.14,2022-01-01,2022,Q1,전입률,12.7
전라남도,34.8006,126.2994,2022-01-01,2022,Q1,전입률,13.1
경상북도,36.1584,128.7364,2022-01-01,2022,Q1,전입률,12.6
경상남도,35.2354,128.6922,2022-01-01,2022,Q1,전입률,12.3
제주특별자치도,33.4996,126.5312,2022-01-01,2022,Q1,전입률,16.9
행정구역(시도)별,,,2022-01-01,2022,Q1,전출률,총전출률(%)
전국,,,2022-01-01,2022,Q1,전출률,14.3
서울특별시,,,2022-01-01,2022,Q1,전출률,15.8
부산광역시,35.1796,129.0756,2022-01-01,2022,Q1,전출률,14.6
대구광역시,35.8714,128.6014,2022-01-01,2022,Q1,전출률,13.7
인천광역시,37.4563,126.7052,2022-01-01,2022,Q1,전출률,13.5
광주광역시,35.1595,126.8526,2022-01-01,2022,Q1,전출률,15.4
대전광역시,36.3504,127.3845,2022-01-01,2022,Q1,전출률,17.8
울산광역시,35.5384,129.3114,2022-01-01,2022,Q1,전출률,13.0
세종특별자치시,36.48,127.289,2022-01-01,2022,Q1,전출률,20.9
경기도,37.4138,127.5183,2022-01-01,2022,Q1,전출률,13.5
강원특별자치도,37.8225,128.1555,2022-01-01,2022,Q1,전출률,15.1
충청북도,36.6297,127.921,2022-01-01,2022,Q1,전출률,13.5
충청남도,36.6353,126.7404,2022-01-01,2022,Q1,전출률,14.2
전북특별자치도,35.8175,127.14,2022-01-01,2022,Q1,전출률,13.2
전라남도,34.8006,126.2994,2022-01-01,2022,Q1,전출률,13.2
경상북도,36.1584,128.7364,2022-01-01,2022,Q1,전출률,13.1
경상남도,35.2354,128.6922,2022-01-01,2022,Q1,전출률,13.3
제주특별자치도,33.4996,126.5312,2022-01-01,2022,Q1,전출률,16.5
행정구역(시도)별,,,2022-01-01,2022,Q1,순이동률,순이동률(%)
전국,,,2022-01-01,2022,Q1,순이동률,0.0
서울특별시,,,2022-01-01,2022,Q1,순이동률,0.0
부산광역시,35.1796,129.0756,2022-01-01,2022,Q1,순이동률,-0.4
대구광역시,35.8714,128.6014,2022-01-01,2022,Q1,순이동률,-0.5
인천광역시,37.4563,126.7052,2022-01-01,2022,Q1,순이동률,0.7
광주광역시,35.1595,126.8526,2022-01-01,2022,Q1,순이동률,-0.8
대전광역시,36.3504,127.3845,2022-01-01,2022,Q1,순이동률,-0.5
울산광역시,35.5384,129.3114,2022-01-01,2022,Q1,순이동률,-1.3
세종특별자치시,36.48,127.289,2022-01-01,2022,Q1,순이동률,5.3
경기도,37.4138,127.5183,2022-01-01,2022,Q1,순이동률,0.3
강원특별자치도,37.8225,128.1555,2022-01-01,2022,Q1,순이동률,0.6
충청북도,36.6297,127.921,2022-01-01,2022,Q1,순이동률,0.4
충청남도,36.6353,126.7404,2022-01-01,2022,Q1,순이동률,0.4
전북특별자치도,35.8175,127.14,2022-01-01,2022,Q1,순이동률,-0.5
전라남도,34.8006,126.2994,2022-01-01,2022,Q1,순이동률,0.0
경상북도,36.1584,128.7364,2022-01-01,2022,Q1,순이동률,-0.5
경상남도,35.2354,128.6922,2022-01-01,2022,Q1,순이동률,-0.9
제주특별자치도,33.4996,126.5312,2022-01-01,2022,Q1,순이동률,0.4
행정구역(시도)별,,,2022-04-01,2022,Q2,전입률,총전입률(%)
전국,,,2022-04-01,2022,Q2,전입률,11.6
서울특별시,,,2022-04-01,2022,Q2,전입률,12.4
부산광역시,35.1796,129.0756,2022-04-01,2022,Q2,전입률,10.8
대구광역시,35.8714,128.6014,2022-04-01,2022,Q2,전입률,10.8
인천광역시,37.4563,126.7052,2022-04-01,2022,Q2,전입률,13.5
광주광역시,35.1595,126.8526,2022-04-01,2022,Q2,전입률,12.1
대전광역시,36.3504,127.3845,2022-04-01,2022,Q2,전입률,13.1
울산광역시,35.5384,129.3114,2022-04-01,2022,Q2,전입률,10.0
세종특별자치시,36.48,127.289,2022-04-01,2022,Q2,전입률,15.9
경기도,37.4138,127.5183,2022-04-01,2022,Q2,전입률,11.7
강원특별자치도,37.8225,128.1555,2022-04-01,2022,Q2,전입률,12.5
충청북도,36.6297,127.921,2022-04-01,2022,Q2,전입률,11.4
충청남도,36.6353,126.7404,2022-04-01,2022,Q2,전입률,12.2
전북특별자치도,35.8175,127.14,2022-04-01,2022,Q2,전입률,10.7
전라남도,34.8006,126.2994,2022-04-01,2022,Q2,전입률,10.3
경상북도,36.1584,128.7364,2022-04-01,2022,Q2,전입률,9.8
경상남도,35.2354,128.6922,2022-04-01,2022,Q2,전입률,9.7
제주특별자치도,33.4996,126.5312,2022-04-01,2022,Q2,전입률,12.0
행정구역(시도)별,,,2022-04-01,2022,Q2,전출률,총전출률(%)
전국,,,2022-04-01,2022,Q2,전출률,11.6
서울특별시,,,2022-04-01,2022,Q2,전출률,12.8
부산광역시,35.1796,129.0756,2022-04-01,2022,Q2,전출률,11.2
대구광역시,35.8714,128.6014,2022-04-01,2022,Q2,전출률,11.3
인천광역시,37.4563,126.7052,2022-04-01,2022,Q2,전출률,12.7
광주광역시,35.1595,126.8526,2022-04-01,2022,Q2,전출률,12.8
대전광역시,36.3504,127.3845,2022-04-01,2022,Q2,전출률,13.4
울산광역시,35.5384,129.3114,2022-04-01,2022,Q2,전출률,10.8
세종특별자치시,36.48,127.289,2022-04-01,2022,Q2,전출률,13.2
경기도,37.4138,127.5183,2022-04-01,2022,Q2,전출률,11.3
강원특별자치도,37.8225,128.1555,2022-04-01,2022,Q2,전출률,12.0
충청북도,36.6297,127.921,2022-04-01,2022,Q2,전출률,11.1
충청남도,36.6353,126.7404,2022-04-01,2022,Q2,전출률,11.6
전북특별자치도,35.8175,127.14,2022-04-01,2022,Q2,전출률,10.9
전라남도,34.8006,126.2994,2022-04-01,2022,Q2,전출률,10.2
경상북도,36.1584,128.7364,2022-04-01,2022,Q2,전출률,10.0
경상남도,35.2354,128.6922,2022-04-01,2022,Q2,전출률,10.2
제주특별자치도,33.4996,126.5312,2022-04-01,2022,Q2,전출률,11.4
행정구역(시도)별,,,2022-04-01,2022,Q2,순이동률,순이동률(%)
전국,,,2022-04-01,2022,Q2,순이동률,0.0
서울특별시,,,2022-04-01,2022,Q2,순이동률,-0.4
부산광역시,35.1796,129.0756,2022-04-01,2022,Q2,순이동률,-0.4
대구광역시,35.8714,128.6014,2022-04-01,2022,Q2,순이동률,-0.5
인천광역시,37.4563,126.7052,2022-04-01,2022,Q2,순이동률,0.8
광주광역시,35.1595,126.8526,2022-04-01,2022,Q2,순이동률,-0.7
대전광역시,36.3504,127.3845,2022-04-01,2022,Q2,순이동률,-0.3
울산광역시,35.5384,129.3114,2022-04-01,2022,Q2,순이동률,-0.8
세종특별자치시,36.48,127.289,2022-04-01,2022,Q2,순이동률,2.7
경기도,37.4138,127.5183,2022-04-01,2022,Q2,순이동률,0.3
강원특별자치도,37.8225,128.1555,2022-04-01,2022,Q2,순이동률,0.5
충청북도,36.6297,127.921,2022-04-01,2022,Q2,순이동률,0.3
충청남도,36.6353,126.7404,2022-04-01,2022,Q2,순이동률,0.7
전북특별자치도,35.8175,127.14,2022-04-01,2022,Q2,순이동률,-0.2
전라남도,34.8006,126.2994,2022-04-01,2022,Q2,순이동률,0.1
경상북도,36.1584,128.7364,2022-04-01,2022,Q2,순이동률,-0.2
경상남도,35.2354,128.6922,2022-04-01,2022,Q2,순이동률,-0.5
제주특별자치도,33.4996,126.5312,2022-04-01,2022,Q2,순이동률,0.7
행정구역(시도)별,,,2022-07-01,2022,Q3,전입률,총전입률(%)
전국,,,2022-07-01,2022,Q3,전입률,11.1
서울특별시,,,2022-07-01,2022,Q3,전입률,11.9
부산광역시,35.1796,129.0756,2022-07-01,2022,Q3,전입률,10.2
대구광역시,35.8714,128.6014,2022-07-01,2022,Q3,전입률,10.5
인천광역시,37.4563,126.7052,2022-07-01,2022,Q3,전입률,13.7
광주광역시,35.1595,126.8526,2022-07-01,2022,Q3,전입률,12.4
대전광역시,36.3504,127.3845,2022-07-01,2022,Q3,전입률,12.5
울산광역시,35.5384,129.3114,2022-07-01,2022,Q3,전입률,8.5
세종특별자치시,36.48,127.289,2022-07-01,2022,Q3,전입률,13.3
경기도,37.4138,127.5183,2022-07-01,2022,Q3,전입률,11.5
강원특별자치도,37.8225,128.1555,2022-07-01,2022,Q3,전입률,11.6
충청북도,36.6297,127.921,2022-07-01,2022,Q3,전입률,10.8
충청남도,36.6353,126.7404,2022-07-01,2022,Q3,전입률,11.2
전북특별자치도,35.8175,127.14,2022-07-01,2022,Q3,전입률,10.8
전라남도,34.8006,126.2994,2022-07-01,2022,Q3,전입률,9.1
경상북도,36.1584,128.7364,2022-07-01,2022,Q3,전입률,8.9
경상남도,35.2354,128.6922,2022-07-01,2022,Q3,전입률,8.6
제주특별자치도,33.4996,126.5312,2022-07-01,2022,Q3,전입률,11.6
행정구역(시도)별,,,2022-07-01,2022,Q3,전출률,총전출률(%)
전국,,,2022-07-01,2022,Q3,전출률,11.1
서울특별시,,,2022-07-01,2022,Q3,전출률,12.2
부산광역시,35.1796,129.0756,2022-07-01,2022,Q3,전출률,10.7
대구광역시,35.8714,128.6014,2022-07-01,2022,Q3,전출률,11.0
인천광역시,37.4563,126.7052,2022-07-01,2022,Q3,전출률,12.4
광주광역시,35.1595,126.8526,2022-07-01,2022,Q3,전출률,12.7
대전광역시,36.3504,127.3845,2022-07-01,2022,Q3,전출률,12.5
울산광역시,35.5384,129.3114,2022-07-01,2022,Q3,전출률,9.4
세종특별자치시,36.48,127.289,2022-07-01,2022,Q3,전출률,11.8
경기도,37.4138,127.5183,2022-07-01,2022,Q3,전출률,11.3
강원특별자치도,37.8225,128.1555,2022-07-01,2022,Q3,전출률,11.1
충청북도,36.6297,127.921,2022-07-01,2022,Q3,전출률,10.5
충청남도,36.6353,126.7404,2022-07-01,2022,Q3,전출률,10.5
전북특별자치도,35.8175,127.14,2022-07-01,2022,Q3,전출률,11.2
전라남도,34.8006,126.2994,2022-07-01,2022,Q3,전출률,9.4
경상북도,36.1584,128.7364,2022-07-01,2022,Q3,전출률,9.3
경상남도,35.2354,128.6922,2022-07-01,2022,Q3,전출률,9.1
제주특별자치도,33.4996,126.5312,2022-07-01,2022,Q3,전출률,10.9
행정구역(시도)별,,,2022-07-01,2022,Q3,순이동률,순이동률(%)
전국,,,2022-07-01,2022,Q3,순이동률,0.0
서울특별시,,,2022-07-01,2022,Q3,순이동률,-0.3
부산광역시,35.1796,129.0756,2022-07-01,2022,Q3,순이동률,-0.5
대구광역시,35.8714,128.6014,2022-07-01,2022,Q3,순이동률,-0.5
인천광역시,37.4563,126.7052,2022-07-01,2022,Q3,순이동률,1.3
광주광역시,35.1595,126.8526,2022-07-01,2022,Q3,순이동률,-0.3
대전광역시,36.3504,127.3845,2022-07-01,2022,Q3,순이동률,0.0
울산광역시,35.5384,129.3114,2022-07-01,2022,Q3,순이동률,-0.9
세종특별자치시,36.48,127.289,2022-07-01,2022,Q3,순이동률,1.5
경기도,37.4138,127.5183,2022-07-01,2022,Q3,순이동률,0.2
강원특별자치도,37.8225,128.1555,2022-07-01,2022,Q3,순이동률,0.5
충청북도,36.6297,127.921,2022-07-01,2022,Q3,순이동률,0.3
충청남도,36.6353,126.7404,2022-07-01,2022,Q3,순이동률,0.7
전북특별자치도,35.8175,127.14,2022-07-01,2022,Q3,순이동률,-0.3
전라남도,34.8006,126.2994,2022-07-01,2022,Q3,순이동률,-0.3
경상북도,36.1584,128.7364,2022-07-01,2022,Q3,순이동률,-0.4
경상남도,35.2354,128.6922,2022-07-01,2022,Q3,순이동률,-0.5
제주특별자치도,33.4996,126.5312,2022-07-01,2022,Q3,순이동률,0.7
행정구역(시도)별,,,2022-10-01,2022,Q4,전입률,총전입률(%)
전국,,,2022-10-01,2022,Q4,전입률,11.1
서울특별시,,,2022-10-01,2022,Q4,전입률,11.2
부산광역시,35.1796,129.0756,2022-10-01,2022,Q4,전입률,11.2
대구광역시,35.8714,128.6014,2022-10-01,2022,Q4,전입률,10.5
인천광역시,37.4563,126.7052,2022-10-01,2022,Q4,전입률,12.5
광주광역시,35.1595,126.8526,2022-10-01,2022,Q4,전입률,12.1
대전광역시,36.3504,127.3845,2022-10-01,2022,Q4,전입률,12.3
울산광역시,35.5384,129.3114,2022-10-01,2022,Q4,전입률,8.6
세종특별자치시,36.48,127.289,2022-10-01,2022,Q4,전입률,14.1
경기도,37.4138,127.5183,2022-10-01,2022,Q4,전입률,11.8
강원특별자치도,37.8225,128.1555,2022-10-01,2022,Q4,전입률,11.1
충청북도,36.6297,127.921,2022-10-01,2022,Q4,전입률,10.6
충청남도,36.6353,126.7404,2022-10-01,2022,Q4,전입률,11.4
전북특별자치도,35.8175,127.14,2022-10-01,2022,Q4,전입률,10.9
전라남도,34.8006,126.2994,2022-10-01,2022,Q4,전입률,9.7
경상북도,36.1584,128.7364,2022-10-01,2022,Q4,전입률,9.2
경상남도,35.2354,128.6922,2022-10-01,2022,Q4,전입률,8.7
제주특별자치도,33.4996,126.5312,2022-10-01,2022,Q4,전입률,11.1
행정구역(시도)별,,,2022-10-01,2022,Q4,전출률,총전출률(%)
전국,,,2022-10-01,2022,Q4,전출률,11.1
서울특별시,,,2022-10-01,2022,Q4,전출률,12.0
부산광역시,35.1796,129.0756,2022-10-01,2022,Q4,전출률,11.5
대구광역시,35.8714,128.6014,2022-10-01,2022,Q4,전출률,10.9
인천광역시,37.4563,126.7052,2022-10-01,2022,Q4,전출률,11.4
광주광역시,35.1595,126.8526,2022-10-01,2022,Q4,전출률,12.5
대전광역시,36.3504,127.3845,2022-10-01,2022,Q4,전출률,12.4
울산광역시,35.5384,129.3114,2022-10-01,2022,Q4,전출률,9.1
세종특별자치시,36.48,127.289,2022-10-01,2022,Q4,전출률,12.8
경기도,37.4138,127.5183,2022-10-01,2022,Q4,전출률,11.4
강원특별자치도,37.8225,128.1555,2022-10-01,2022,Q4,전출률,10.8
충청북도,36.6297,127.921,2022-10-01,2022,Q4,전출률,10.3
충청남도,36.6353,126.7404,2022-10-01,2022,Q4,전출률,10.4
전북특별자치도,35.8175,127.14,2022-10-01,2022,Q4,전출률,10.9
전라남도,34.8006,126.2994,2022-10-01,2022,Q4,전출률,9.5
경상북도,36.1584,128.7364,2022-10-01,2022,Q4,전출률,9.3
경상남도,35.2354,128.6922,2022-10-01,2022,Q4,전출률,9.1
제주특별자치도,33.4996,126.5312,2022-10-01,2022,Q4,전출률,11.0
행정구역(시도)별,,,2022-10-01,2022,Q4,순이동률,순이동률(%)
전국,,,2022-10-01,2022,Q4,순이동률,0.0
서울특별시,,,2022-10-01,2022,Q4,순이동률,-0.9
부산광역시,35.1796,129.0756,2022-10-01,2022,Q4,순이동률,-0.4
대구광역시,35.8714,128.6014,2022-10-01,2022,Q4,순이동률,-0.4
인천광역시,37.4563,126.7052,2022-10-01,2022,Q4,순이동률,1.1
광주광역시,35.1595,126.8526,2022-10-01,2022,Q4,순이동률,-0.4
대전광역시,36.3504,127.3845,2022-10-01,2022,Q4,순이동률,0.0
울산광역시,35.5384,129.3114,2022-10-01,2022,Q4,순이동률,-0.5
세종특별자치시,36.48,127.289,2022-10-01,2022,Q4,순이동률,1.3
경기도,37.4138,127.5183,2022-10-01,2022,Q4,순이동률,0.5
강원특별자치도,37.8225,128.1555,2022-10-01,2022,Q4,순이동률,0.3
충청북도,36.6297,127.921,2022-10-01,2022,Q4,순이동률,0.3
충청남도,36.6353,126.7404,2022-10-01,2022,Q4,순이동률,0.9
전북특별자치도,35.8175,127.14,2022-10-01,2022,Q4,순이동률,-0.1
전라남도,34.8006,126.2994,2022-10-01,2022,Q4,순이동률,0.1
경상북도,36.1584,128.7364,2022-10-01,2022,Q4,순이동률,-0.1
경상남도,35.2354,128.6922,2022-10-01,2022,Q4,순이동률,-0.3
제주특별자치도,33.4996,126.5312,2022-10-01,2022,Q4,순이동률,0.1
행정구역(시도)별,,,2023-01-01,2023,Q1,전입률,총전입률(%)
전국,,,2023-01-01,2023,Q1,전입률,13.6
서울특별시,,,2023-01-01,2023,Q1,전입률,14.5
부산광역시,35.1796,129.0756,2023-01-01,2023,Q1,전입률,13.1
대구광역시,35.8714,128.6014,2023-01-01,2023,Q1,전입률,12.8
인천광역시,37.4563,126.7052,2023-01-01,2023,Q1,전입률,14.9
광주광역시,35.1595,126.8526,2023-01-01,2023,Q1,전입률,13.1
대전광역시,36.3504,127.3845,2023-01-01,2023,Q1,전입률,15.7
울산광역시,35.5384,129.3114,2023-01-01,2023,Q1,전입률,10.5
세종특별자치시,36.48,127.289,2023-01-01,2023,Q1,전입률,19.6
경기도,37.4138,127.5183,2023-01-01,2023,Q1,전입률,13.7
강원특별자치도,37.8225,128.1555,2023-01-01,2023,Q1,전입률,13.3
충청북도,36.6297,127.921,2023-01-01,2023,Q1,전입률,14.0
충청남도,36.6353,126.7404,2023-01-01,2023,Q1,전입률,15.4
전북특별자치도,35.8175,127.14,2023-01-01,2023,Q1,전입률,12.9
전라남도,34.8006,126.2994,2023-01-01,2023,Q1,전입률,12.7
경상북도,36.1584,128.7364,2023-01-01,2023,Q1,전입률,12.0
경상남도,35.2354,128.6922,2023-01-01,2023,Q1,전입률,10.8
제주특별자치도,33.4996,126.5312,2023-01-01,2023,Q1,전입률,16.0
행정구역(시도)별,,,2023-01-01,2023,Q1,전출률,총전출률(%)
전국,,,2023-01-01,2023,Q1,전출률,13.6
서울특별시,,,2023-01-01,2023,Q1,전출률,14.5
부산광역시,35.1796,129.0756,2023-01-01,2023,Q1,전출률,13.2
대구광역시,35.8714,128.6014,2023-01-01,2023,Q1,전출률,13.3
인천광역시,37.4563,126.7052,2023-01-01,2023,Q1,전출률,13.8
광주광역시,35.1595,126.8526,2023-01-01,2023,Q1,전출률,13.9
대전광역시,36.3504,127.3845,2023-01-01,2023,Q1,전출률,15.8
울산광역시,35.5384,129.3114,2023-01-01,2023,Q1,전출률,11.5
세종특별자치시,36.48,127.289,2023-01-01,2023,Q1,전출률,18.0
경기도,37.4138,127.5183,2023-01-01,2023,Q1,전출률,13.3
강원특별자치도,37.8225,128.1555,2023-01-01,2023,Q1,전출률,13.6
충청북도,36.6297,127.921,2023-01-01,2023,Q1,전출률,13.9
충청남도,36.6353,126.7404,2023-01-01,2023,Q1,전출률,14.6
전북특별자치도,35.8175,127.14,2023-01-01,2023,Q1,전출률,13.3
전라남도,34.8006,126.2994,2023-01-01,2023,Q1,전출률,12.9
경상북도,36.1584,128.7364,2023-01-01,2023,Q1,전출률,12.5
경상남도,35.2354,128.6922,2023-01-01,2023,Q1,전출률,11.8
제주특별자치도,33.4996,126.5312,2023-01-01,2023,Q1,전출률,16.5
행정구역(시도)별,,,2023-01-01,2023,Q1,순이동률,순이동률(%)
전국,,,2023-01-01,2023,Q1,순이동률,0.0
서울특별시,,,2023-01-01,2023,Q1,순이동률,0.0
부산광역시,35.1796,129.0756,2023-01-01,2023,Q1,순이동률,-0.2
대구광역시,35.8714,128.6014,2023-01-01,2023,Q1,순이동률,-0.5
인천광역시,37.4563,126.7052,2023-01-01,2023,Q1,순이동률,1.1
광주광역시,35.1595,126.8526,2023-01-01,2023,Q1,순이동률,-0.9
대전광역시,36.3504,127.3845,2023-01-01,2023,Q1,순이동률,-0.1
울산광역시,35.5384,129.3114,2023-01-01,2023,Q1,순이동률,-1.0
세종특별자치시,36.48,127.289,2023-01-01,2023,Q1,순이동률,1.7
경기도,37.4138,127.5183,2023-01-01,2023,Q1,순이동률,0.4
강원특별자치도,37.8225,128.1555,2023-01-01,2023,Q1,순이동률,-0.3
충청북도,36.6297,127.921,2023-01-01,2023,Q1,순이동률,0.1
충청남도,36.6353,126.7404,2023-01-01,2023,Q1,순이동률,0.7
전북특별자치도,35.8175,127.14,2023-01-01,2023,Q1,순이동률,-0.4
전라남도,34.8006,126.2994,2023-01-01,2023,Q1,순이동률,-0.2
경상북도,36.1584,128.7364,2023-01-01,2023,Q1,순이동률,-0.6
경상남도,35.2354,128.6922,2023-01-01,2023,Q1,순이동률,-1.0
제주특별자치도,33.4996,126.5312,2023-01-01,2023,Q1,순이동률,-0.6
행정구역(시도)별,,,2023-04-01,2023,Q2,전입률,총전입률(%)
전국,,,2023-04-01,2023,Q2,전입률,11.2
서울특별시,,,2023-04-01,2023,Q2,전입률,12.0
부산광역시,35.1796,129.0756,2023-04-01,2023,Q2,전입률,10.0
대구광역시,35.8714,128.6014,2023-04-01,2023,Q2,전입률,11.8
인천광역시,37.4563,126.7052,2023-04-01,2023,Q2,전입률,12.9
광주광역시,35.1595,126.8526,2023-04-01,2023,Q2,전입률,10.5
대전광역시,36.3504,127.3845,2023-04-01,2023,Q2,전입률,12.3
울산광역시,35.5384,129.3114,2023-04-01,2023,Q2,전입률,9.8
세종특별자치시,36.48,127.289,2023-04-01,2023,Q2,전입률,12.1
경기도,37.4138,127.5183,2023-04-01,2023,Q2,전입률,12.0
강원특별자치도,37.8225,128.1555,2023-04-01,2023,Q2,전입률,10.7
충청북도,36.6297,127.921,2023-04-01,2023,Q2,전입률,10.4
충청남도,36.6353,126.7404,2023-04-01,2023,Q2,전입률,11.0
전북특별자치도,35.8175,127.14,2023-04-01,2023,Q2,전입률,9.8
전라남도,34.8006,126.2994,2023-04-01,2023,Q2,전입률,9.8
경상북도,36.1584,128.7364,2023-04-01,2023,Q2,전입률,9.1
경상남도,35.2354,128.6922,2023-04-01,2023,Q2,전입률,8.5
제주특별자치도,33.4996,126.5312,2023-04-01,2023,Q2,전입률,10.7
행정구역(시도)별,,,2023-04-01,2023,Q2,전출률,총전출률(%)
전국,,,2023-04-01,2023,Q2,전출률,11.2
서울특별시,,,2023-04-01,2023,Q2,전출률,12.5
부산광역시,35.1796,129.0756,2023-04-01,2023,Q2,전출률,10.5
대구광역시,35.8714,128.6014,2023-04-01,2023,Q2,전출률,12.0
인천광역시,37.4563,126.7052,2023-04-01,2023,Q2,전출률,12.3
광주광역시,35.1595,126.8526,2023-04-01,2023,Q2,전출률,11.1
대전광역시,36.3504,127.3845,2023-04-01,2023,Q2,전출률,12.4
울산광역시,35.5384,129.3114,2023-04-01,2023,Q2,전출률,10.4
세종특별자치시,36.48,127.289,2023-04-01,2023,Q2,전출률,12.0
경기도,37.4138,127.5183,2023-04-01,2023,Q2,전출률,11.6
강원특별자치도,37.8225,128.1555,2023-04-01,2023,Q2,전출률,10.6
충청북도,36.6297,127.921,2023-04-01,2023,Q2,전출률,10.2
충청남도,36.6353,126.7404,2023-04-01,2023,Q2,전출률,10.3
전북특별자치도,35.8175,127.14,2023-04-01,2023,Q2,전출률,10.0
전라남도,34.8006,126.2994,2023-04-01,2023,Q2,전출률,9.7
경상북도,36.1584,128.7364,2023-04-01,2023,Q2,전출률,9.2
경상남도,35.2354,128.6922,2023-04-01,2023,Q2,전출률,8.9
제주특별자치도,33.4996,126.5312,2023-04-01,2023,Q2,전출률,10.6
행정구역(시도)별,,,2023-04-01,2023,Q2,순이동률,순이동률(%)
전국,,,2023-04-01,2023,Q2,순이동률,0.0
서울특별시,,,2023-04-01,2023,Q2,순이동률,-0.5
부산광역시,35.1796,129.0756,2023-04-01,2023,Q2,순이동률,-0.5
대구광역시,35.8714,128.6014,2023-04-01,2023,Q2,순이동률,-0.2
인천광역시,37.4563,126.7052,2023-04-01,2023,Q2,순이동률,0.7
광주광역시,35.1595,126.8526,2023-04-01,2023,Q2,순이동률,-0.6
대전광역시,36.3504,127.3845,2023-04-01,2023,Q2,순이동률,-0.1
울산광역시,35.5384,129.3114,2023-04-01,2023,Q2,순이동률,-0.6
세종특별자치시,36.48,127.289,2023-04-01,2023,Q2,순이동률,0.2
경기도,37.4138,127.5183,2023-04-01,2023,Q2,순이동률,0.4
강원특별자치도,37.8225,128.1555,2023-04-01,2023,Q2,순이동률,0.1
충청북도,36.6297,127.921,2023-04-01,2023,Q2,순이동률,0.3
충청남도,36.6353,126.7404,2023-04-01,2023,Q2,순이동률,0.7
전북특별자치도,35.8175,127.14,2023-04-01,2023,Q2,순이동률,-0.2
전라남도,34.8006,126.2994,2023-04-01,2023,Q2,순이동률,0.1
경상북도,36.1584,128.7364,2023-04-01,2023,Q2,순이동률,-0.1
경상남도,35.2354,128.6922,2023-04-01,2023,Q2,순이동률,-0.4
제주특별자치도,33.4996,126.5312,2023-04-01,2023,Q2,순이동률,0.1
행정구역(시도)별,,,2023-07-01,2023,Q3,전입률,총전입률(%)
전국,,,2023-07-01,2023,Q3,전입률,11.4
서울특별시,,,2023-07-01,2023,Q3,전입률,12.7
부산광역시,35.1796,129.0756,2023-07-01,2023,Q3,전입률,10.3
대구광역시,35.8714,128.6014,2023-07-01,2023,Q3,전입률,12.0
인천광역시,37.4563,126.7052,2023-07-01,2023,Q3,전입률,14.6
광주광역시,35.1595,126.8526,2023-07-01,2023,Q3,전입률,11.1
대전광역시,36.3504,127.3845,2023-07-01,2023,Q3,전입률,11.2
울산광역시,35.5384,129.3114,2023-07-01,2023,Q3,전입률,9.8
세종특별자치시,36.48,127.289,2023-07-01,2023,Q3,전입률,12.5
경기도,37.4138,127.5183,2023-07-01,2023,Q3,전입률,11.8
강원특별자치도,37.8225,128.1555,2023-07-01,2023,Q3,전입률,10.4
충청북도,36.6297,127.921,2023-07-01,2023,Q3,전입률,11.7
충청남도,36.6353,126.7404,2023-07-01,2023,Q3,전입률,11.9
전북특별자치도,35.8175,127.14,2023-07-01,2023,Q3,전입률,10.1
전라남도,34.8006,126.2994,2023-07-01,2023,Q3,전입률,9.0
경상북도,36.1584,128.7364,2023-07-01,2023,Q3,전입률,8.9
경상남도,35.2354,128.6922,2023-07-01,2023,Q3,전입률,8.4
제주특별자치도,33.4996,126.5312,2023-07-01,2023,Q3,전입률,10.9
행정구역(시도)별,,,2023-07-01,2023,Q3,전출률,총전출률(%)
전국,,,2023-07-01,2023,Q3,전출률,11.4
서울특별시,,,2023-07-01,2023,Q3,전출률,12.9
부산광역시,35.1796,129.0756,2023-07-01,2023,Q3,전출률,10.6
대구광역시,35.8714,128.6014,2023-07-01,2023,Q3,전출률,12.1
인천광역시,37.4563,126.7052,2023-07-01,2023,Q3,전출률,13.3
광주광역시,35.1595,126.8526,2023-07-01,2023,Q3,전출률,11.4
대전광역시,36.3504,127.3845,2023-07-01,2023,Q3,전출률,11.3
울산광역시,35.5384,129.3114,2023-07-01,2023,Q3,전출률,10.4
세종특별자치시,36.48,127.289,2023-07-01,2023,Q3,전출률,12.9
경기도,37.4138,127.5183,2023-07-01,2023,Q3,전출률,11.6
강원특별자치도,37.8225,128.1555,2023-07-01,2023,Q3,전출률,10.5
충청북도,36.6297,127.921,2023-07-01,2023,Q3,전출률,11.3
충청남도,36.6353,126.7404,2023-07-01,2023,Q3,전출률,11.3
전북특별자치도,35.8175,127.14,2023-07-01,2023,Q3,전출률,10.4
전라남도,34.8006,126.2994,2023-07-01,2023,Q3,전출률,9.4
경상북도,36.1584,128.7364,2023-07-01,2023,Q3,전출률,9.3
경상남도,35.2354,128.6922,2023-07-01,2023,Q3,전출률,8.9
제주특별자치도,33.4996,126.5312,2023-07-01,2023,Q3,전출률,11.1
행정구역(시도)별,,,2023-07-01,2023,Q3,순이동률,순이동률(%)
전국,,,2023-07-01,2023,Q3,순이동률,0.0
서울특별시,,,2023-07-01,2023,Q3,순이동률,-0.2
부산광역시,35.1796,129.0756,2023-07-01,2023,Q3,순이동률,-0.4
대구광역시,35.8714,128.6014,2023-07-01,2023,Q3,순이동률,-0.1
인천광역시,37.4563,126.7052,2023-07-01,2023,Q3,순이동률,1.3
광주광역시,35.1595,126.8526,2023-07-01,2023,Q3,순이동률,-0.3
대전광역시,36.3504,127.3845,2023-07-01,2023,Q3,순이동률,-0.1
울산광역시,35.5384,129.3114,2023-07-01,2023,Q3,순이동률,-0.6
세종특별자치시,36.48,127.289,2023-07-01,2023,Q3,순이동률,-0.4
경기도,37.4138,127.5183,2023-07-01,2023,Q3,순이동률,0.2
강원특별자치도,37.8225,128.1555,2023-07-01,2023,Q3,순이동률,-0.1
충청북도,36.6297,127.921,2023-07-01,2023,Q3,순이동률,0.4
충청남도,36.6353,126.7404,2023-07-01,2023,Q3,순이동률,0.6
전북특별자치도,35.8175,127.14,2023-07-01,2023,Q3,순이동률,-0.2
전라남도,34.8006,126.2994,2023-07-01,2023,Q3,순이동률,-0.4
경상북도,36.1584,128.7364,2023-07-01,2023,Q3,순이동률,-0.4
경상남도,35.2354,128.6922,2023-07-01,2023,Q3,순이동률,-0.4
제주특별자치도,33.4996,126.5312,2023-07-01,2023,Q3,순이동률,-0.2
행정구역(시도)별,,,2023-10-01,2023,Q4,전입률,총전입률(%)
전국,,,2023-10-01,2023,Q4,전입률,11.8
서울특별시,,,2023-10-01,2023,Q4,전입률,12.5
부산광역시,35.1796,129.0756,2023-10-01,2023,Q4,전입률,10.9
대구광역시,35.8714,128.6014,2023-10-01,2023,Q4,전입률,13.5
인천광역시,37.4563,126.7052,2023-10-01,2023,Q4,전입률,14.8
광주광역시,35.1595,126.8526,2023-10-01,2023,Q4,전입률,11.2
대전광역시,36.3504,127.3845,2023-10-01,2023,Q4,전입률,12.5
울산광역시,35.5384,129.3114,2023-10-01,2023,Q4,전입률,12.2
세종특별자치시,36.48,127.289,2023-10-01,2023,Q4,전입률,14.1
경기도,37.4138,127.5183,2023-10-01,2023,Q4,전입률,12.1
강원특별자치도,37.8225,128.1555,2023-10-01,2023,Q4,전입률,11.0
충청북도,36.6297,127.921,2023-10-01,2023,Q4,전입률,10.8
충청남도,36.6353,126.7404,2023-10-01,2023,Q4,전입률,11.9
전북특별자치도,35.8175,127.14,2023-10-01,2023,Q4,전입률,10.2
전라남도,34.8006,126.2994,2023-10-01,2023,Q4,전입률,9.2
경상북도,36.1584,128.7364,2023-10-01,2023,Q4,전입률,9.8
경상남도,35.2354,128.6922,2023-10-01,2023,Q4,전입률,9.2
제주특별자치도,33.4996,126.5312,2023-10-01,2023,Q4,전입률,10.9
행정구역(시도)별,,,2023-10-01,2023,Q4,전출률,총전출률(%)
전국,,,2023-10-01,2023,Q4,전출률,11.8
서울특별시,,,2023-10-01,2023,Q4,전출률,13.1
부산광역시,35.1796,129.0756,2023-10-01,2023,Q4,전출률,11.3
대구광역시,35.8714,128.6014,2023-10-01,2023,Q4,전출률,13.6
인천광역시,37.4563,126.7052,2023-10-01,2023,Q4,전출률,13.3
광주광역시,35.1595,126.8526,2023-10-01,2023,Q4,전출률,11.9
대전광역시,36.3504,127.3845,2023-10-01,2023,Q4,전출률,12.9
울산광역시,35.5384,129.3114,2023-10-01,2023,Q4,전출률,12.2
세종특별자치시,36.48,127.289,2023-10-01,2023,Q4,전출률,13.7
경기도,37.4138,127.5183,2023-10-01,2023,Q4,전출률,11.8
강원특별자치도,37.8225,128.1555,2023-10-01,2023,Q4,전출률,11.2
충청북도,36.6297,127.921,2023-10-01,2023,Q4,전출률,10.6
충청남도,36.6353,126.7404,2023-10-01,2023,Q4,전출률,11.0
전북특별자치도,35.8175,127.14,2023-10-01,2023,Q4,전출률,10.4
전라남도,34.8006,126.2994,2023-10-01,2023,Q4,전출률,9.1
경상북도,36.1584,128.7364,2023-10-01,2023,Q4,전출률,10.0
경상남도,35.2354,128.6922,2023-10-01,2023,Q4,전출률,9.5
제주특별자치도,33.4996,126.5312,2023-10-01,2023,Q4,전출률,11.3
행정구역(시도)별,,,2023-10-01,2023,Q4,순이동률,순이동률(%)
전국,,,2023-10-01,2023,Q4,순이동률,0.0
서울특별시,,,2023-10-01,2023,Q4,순이동률,-0.6
부산광역시,35.1796,129.0756,2023-10-01,2023,Q4,순이동률,-0.4
대구광역시,35.8714,128.6014,2023-10-01,2023,Q4,순이동률,-0.1
인천광역시,37.4563,126.7052,2023-10-01,2023,Q4,순이동률,1.5
광주광역시,35.1595,126.8526,2023-10-01,2023,Q4,순이동률,-0.7
대전광역시,36.3504,127.3845,2023-10-01,2023,Q4,순이동률,-0.4
울산광역시,35.5384,129.3114,2023-10-01,2023,Q4,순이동률,0.0
세종특별자치시,36.48,127.289,2023-10-01,2023,Q4,순이동률,0.4
경기도,37.4138,127.5183,2023-10-01,2023,Q4,순이동률,0.3
강원특별자치도,37.8225,128.1555,2023-10-01,2023,Q4,순이동률,-0.1
충청북도,36.6297,127.921,2023-10-01,2023,Q4,순이동률,0.2
충청남도,36.6353,126.7404,2023-10-01,2023,Q4,순이동률,1.0
전북특별자치도,35.8175,127.14,2023-10-01,2023,Q4,순이동률,-0.2
전라남도,34.8006,126.2994,2023-10-01,2023,Q4,순이동률,0.1
경상북도,36.1584,128.7364,2023-10-01,2023,Q4,순이동률,-0.2
경상남도,35.2354,128.6922,2023-10-01,2023,Q4,순이동률,-0.2
제주특별자치도,33.4996,126.5312,2023-10-01,2023,Q4,순이동률,-0.4
행정구역(시도)별,,,2024-01-01,2024,Q1,전입률,총전입률(%)
전국,,,2024-01-01,2024,Q1,전입률,14.3
서울특별시,,,2024-01-01,2024,Q1,전입률,15.4
부산광역시,35.1796,129.0756,2024-01-01,2024,Q1,전입률,14.1
대구광역시,35.8714,128.6014,2024-01-01,2024,Q1,전입률,14.4
인천광역시,37.4563,126.7052,2024-01-01,2024,Q1,전입률,14.9
광주광역시,35.1595,126.8526,2024-01-01,2024,Q1,전입률,14.4
대전광역시,36.3504,127.3845,2024-01-01,2024,Q1,전입률,16.2
울산광역시,35.5384,129.3114,2024-01-01,2024,Q1,전입률,12.4
세종특별자치시,36.48,127.289,2024-01-01,2024,Q1,전입률,20.6
경기도,37.4138,127.5183,2024-01-01,2024,Q1,전입률,14.2
강원특별자치도,37.8225,128.1555,2024-01-01,2024,Q1,전입률,14.8
충청북도,36.6297,127.921,2024-01-01,2024,Q1,전입률,12.9
충청남도,36.6353,126.7404,2024-01-01,2024,Q1,전입률,15.9
전북특별자치도,35.8175,127.14,2024-01-01,2024,Q1,전입률,12.9
전라남도,34.8006,126.2994,2024-01-01,2024,Q1,전입률,11.7
경상북도,36.1584,128.7364,2024-01-01,2024,Q1,전입률,13.3
경상남도,35.2354,128.6922,2024-01-01,2024,Q1,전입률,12.1
제주특별자치도,33.4996,126.5312,2024-01-01,2024,Q1,전입률,15.6
행정구역(시도)별,,,2024-01-01,2024,Q1,전출률,총전출률(%)
전국,,,2024-01-01,2024,Q1,전출률,14.3
서울특별시,,,2024-01-01,2024,Q1,전출률,15.4
부산광역시,35.1796,129.0756,2024-01-01,2024,Q1,전출률,14.4
대구광역시,35.8714,128.6014,2024-01-01,2024,Q1,전출률,14.9
인천광역시,37.4563,126.7052,2024-01-01,2024,Q1,전출률,13.6
광주광역시,35.1595,126.8526,2024-01-01,2024,Q1,전출률,15.2
대전광역시,36.3504,127.3845,2024-01-01,2024,Q1,전출률,16.2
울산광역시,35.5384,129.3114,2024-01-01,2024,Q1,전출률,13.2
세종특별자치시,36.48,127.289,2024-01-01,2024,Q1,전출률,20.0
경기도,37.4138,127.5183,2024-01-01,2024,Q1,전출률,13.8
강원특별자치도,37.8225,128.1555,2024-01-01,2024,Q1,전출률,15.2
충청북도,36.6297,127.921,2024-01-01,2024,Q1,전출률,13.2
충청남도,36.6353,126.7404,2024-01-01,2024,Q1,전출률,15.0
전북특별자치도,35.8175,127.14,2024-01-01,2024,Q1,전출률,13.5
전라남도,34.8006,126.2994,2024-01-01,2024,Q1,전출률,12.2
경상북도,36.1584,128.7364,2024-01-01,2024,Q1,전출률,13.8
경상남도,35.2354,128.6922,2024-01-01,2024,Q1,전출률,12.9
제주특별자치도,33.4996,126.5312,2024-01-01,2024,Q1,전출률,16.6
행정구역(시도)별,,,2024-01-01,2024,Q1,순이동률,순이동률(%)
전국,,,2024-01-01,2024,Q1,순이동률,0.0
서울특별시,,,2024-01-01,2024,Q1,순이동률,0.0
부산광역시,35.1796,129.0756,2024-01-01,2024,Q1,순이동률,-0.3
대구광역시,35.8714,128.6014,2024-01-01,2024,Q1,순이동률,-0.5
인천광역시,37.4563,126.7052,2024-01-01,2024,Q1,순이동률,1.3
광주광역시,35.1595,126.8526,2024-01-01,2024,Q1,순이동률,-0.8
대전광역시,36.3504,127.3845,2024-01-01,2024,Q1,순이동률,0.0
울산광역시,35.5384,129.3114,2024-01-01,2024,Q1,순이동률,-0.8
세종특별자치시,36.48,127.289,2024-01-01,2024,Q1,순이동률,0.6
경기도,37.4138,127.5183,2024-01-01,2024,Q1,순이동률,0.4
강원특별자치도,37.8225,128.1555,2024-01-01,2024,Q1,순이동률,-0.4
충청북도,36.6297,127.921,2024-01-01,2024,Q1,순이동률,-0.2
충청남도,36.6353,126.7404,2024-01-01,2024,Q1,순이동률,0.9
전북특별자치도,35.8175,127.14,2024-01-01,2024,Q1,순이동률,-0.6
전라남도,34.8006,126.2994,2024-01-01,2024,Q1,순이동률,-0.6
경상북도,36.1584,128.7364,2024-01-01,2024,Q1,순이동률,-0.5
경상남도,35.2354,128.6922,2024-01-01,2024,Q1,순이동률,-0.8
제주특별자치도,33.4996,126.5312,2024-01-01,2024,Q1,순이동률,-1.0
행정구역(시도)별,,,2024-04-01,2024,Q2,전입률,총전입률(%)
전국,,,2024-04-01,2024,Q2,전입률,11.6
서울특별시,,,2024-04-01,2024,Q2,전입률,11.9
부산광역시,35.1796,129.0756,2024-04-01,2024,Q2,전입률,10.3
대구광역시,35.8714,128.6014,2024-04-01,2024,Q2,전입률,12.9
인천광역시,37.4563,126.7052,2024-04-01,2024,Q2,전입률,13.1
광주광역시,35.1595,126.8526,2024-04-01,2024,Q2,전입률,12.4
대전광역시,36.3504,127.3845,2024-04-01,2024,Q2,전입률,12.4
울산광역시,35.5384,129.3114,2024-04-01,2024,Q2,전입률,9.8
세종특별자치시,36.48,127.289,2024-04-01,2024,Q2,전입률,12.7
경기도,37.4138,127.5183,2024-04-01,2024,Q2,전입률,12.1
강원특별자치도,37.8225,128.1555,2024-04-01,2024,Q2,전입률,11.0
충청북도,36.6297,127.921,2024-04-01,2024,Q2,전입률,12.2
충청남도,36.6353,126.7404,2024-04-01,2024,Q2,전입률,11.6
전북특별자치도,35.8175,127.14,2024-04-01,2024,Q2,전입률,10.4
전라남도,34.8006,126.2994,2024-04-01,2024,Q2,전입률,9.3
경상북도,36.1584,128.7364,2024-04-01,2024,Q2,전입률,11.0
경상남도,35.2354,128.6922,2024-04-01,2024,Q2,전입률,9.8
제주특별자치도,33.4996,126.5312,2024-04-01,2024,Q2,전입률,11.1
행정구역(시도)별,,,2024-04-01,2024,Q2,전출률,총전출률(%)
전국,,,2024-04-01,2024,Q2,전출률,11.6
서울특별시,,,2024-04-01,2024,Q2,전출률,12.6
부산광역시,35.1796,129.0756,2024-04-01,2024,Q2,전출률,10.8
대구광역시,35.8714,128.6014,2024-04-01,2024,Q2,전출률,13.2
인천광역시,37.4563,126.7052,2024-04-01,2024,Q2,전출률,12.4
광주광역시,35.1595,126.8526,2024-04-01,2024,Q2,전출률,12.9
대전광역시,36.3504,127.3845,2024-04-01,2024,Q2,전출률,12.6
울산광역시,35.5384,129.3114,2024-04-01,2024,Q2,전출률,10.1
세종특별자치시,36.48,127.289,2024-04-01,2024,Q2,전출률,12.6
경기도,37.4138,127.5183,2024-04-01,2024,Q2,전출률,11.5
강원특별자치도,37.8225,128.1555,2024-04-01,2024,Q2,전출률,11.0
충청북도,36.6297,127.921,2024-04-01,2024,Q2,전출률,11.7
충청남도,36.6353,126.7404,2024-04-01,2024,Q2,전출률,10.9
전북특별자치도,35.8175,127.14,2024-04-01,2024,Q2,전출률,10.7
전라남도,34.8006,126.2994,2024-04-01,2024,Q2,전출률,9.4
경상북도,36.1584,128.7364,2024-04-01,2024,Q2,전출률,10.9
경상남도,35.2354,128.6922,2024-04-01,2024,Q2,전출률,10.0
제주특별자치도,33.4996,126.5312,2024-04-01,2024,Q2,전출률,11.4
행정구역(시도)별,,,2024-04-01,2024,Q2,순이동률,순이동률(%)
전국,,,2024-04-01,2024,Q2,순이동률,0.0
서울특별시,,,2024-04-01,2024,Q2,순이동률,-0.7
부산광역시,35.1796,129.0756,2024-04-01,2024,Q2,순이동률,-0.5
대구광역시,35.8714,128.6014,2024-04-01,2024,Q2,순이동률,-0.2
인천광역시,37.4563,126.7052,2024-04-01,2024,Q2,순이동률,0.7
광주광역시,35.1595,126.8526,2024-04-01,2024,Q2,순이동률,-0.4
대전광역시,36.3504,127.3845,2024-04-01,2024,Q2,순이동률,-0.2
울산광역시,35.5384,129.3114,2024-04-01,2024,Q2,순이동률,-0.3
세종특별자치시,36.48,127.289,2024-04-01,2024,Q2,순이동률,0.2
경기도,37.4138,127.5183,2024-04-01,2024,Q2,순이동률,0.5
강원특별자치도,37.8225,128.1555,2024-04-01,2024,Q2,순이동률,0.0
충청북도,36.6297,127.921,2024-04-01,2024,Q2,순이동률,0.5
충청남도,36.6353,126.7404,2024-04-01,2024,Q2,순이동률,0.8
전북특별자치도,35.8175,127.14,2024-04-01,2024,Q2,순이동률,-0.3
전라남도,34.8006,126.2994,2024-04-01,2024,Q2,순이동률,-0.2
경상북도,36.1584,128.7364,2024-04-01,2024,Q2,순이동률,0.1
경상남도,35.2354,128.6922,2024-04-01,2024,Q2,순이동률,-0.3
제주특별자치도,33.4996,126.5312,2024-04-01,2024,Q2,순이동률,-0.3
행정구역(시도)별,,,2024-07-01,2024,Q3,전입률,총전입률(%)
전국,,,2024-07-01,2024,Q3,전입률,11.6
서울특별시,,,2024-07-01,2024,Q3,전입률,12.5
부산광역시,35.1796,129.0756,2024-07-01,2024,Q3,전입률,10.4
대구광역시,35.8714,128.6014,2024-07-01,2024,Q3,전입률,12.1
인천광역시,37.4563,126.7052,2024-07-01,2024,Q3,전입률,12.8
광주광역시,35.1595,126.8526,2024-07-01,2024,Q3,전입률,11.1
대전광역시,36.3504,127.3845,2024-07-01,2024,Q3,전입률,13.3
울산광역시,35.5384,129.3114,2024-07-01,2024,Q3,전입률,9.3
세종특별자치시,36.48,127.289,2024-07-01,2024,Q3,전입률,15.4
경기도,37.4138,127.5183,2024-07-01,2024,Q3,전입률,12.3
강원특별자치도,37.8225,128.1555,2024-07-01,2024,Q3,전입률,10.7
충청북도,36.6297,127.921,2024-07-01,2024,Q3,전입률,11.2
충청남도,36.6353,126.7404,2024-07-01,2024,Q3,전입률,11.4
전북특별자치도,35.8175,127.14,2024-07-01,2024,Q3,전입률,10.2
전라남도,34.8006,126.2994,2024-07-01,2024,Q3,전입률,10.1
경상북도,36.1584,128.7364,2024-07-01,2024,Q3,전입률,9.4
경상남도,35.2354,128.6922,2024-07-01,2024,Q3,전입률,9.8
제주특별자치도,33.4996,126.5312,2024-07-01,2024,Q3,전입률,10.9
행정구역(시도)별,,,2024-07-01,2024,Q3,전출률,총전출률(%)
전국,,,2024-07-01,2024,Q3,전출률,11.6
서울특별시,,,2024-07-01,2024,Q3,전출률,13.1
부산광역시,35.1796,129.0756,2024-07-01,2024,Q3,전출률,10.9
대구광역시,35.8714,128.6014,2024-07-01,2024,Q3,전출률,12.1
인천광역시,37.4563,126.7052,2024-07-01,2024,Q3,전출률,12.1
광주광역시,35.1595,126.8526,2024-07-01,2024,Q3,전출률,11.6
대전광역시,36.3504,127.3845,2024-07-01,2024,Q3,전출률,13.3
울산광역시,35.5384,129.3114,2024-07-01,2024,Q3,전출률,9.8
세종특별자치시,36.48,127.289,2024-07-01,2024,Q3,전출률,14.2
경기도,37.4138,127.5183,2024-07-01,2024,Q3,전출률,11.7
강원특별자치도,37.8225,128.1555,2024-07-01,2024,Q3,전출률,10.8
충청북도,36.6297,127.921,2024-07-01,2024,Q3,전출률,11.0
충청남도,36.6353,126.7404,2024-07-01,2024,Q3,전출률,10.9
전북특별자치도,35.8175,127.14,2024-07-01,2024,Q3,전출률,10.6
전라남도,34.8006,126.2994,2024-07-01,2024,Q3,전출률,10.3
경상북도,36.1584,128.7364,2024-07-01,2024,Q3,전출률,9.8
경상남도,35.2354,128.6922,2024-07-01,2024,Q3,전출률,9.9
제주특별자치도,33.4996,126.5312,2024-07-01,2024,Q3,전출률,11.4
행정구역(시도)별,,,2024-07-01,2024,Q3,순이동률,순이동률(%)
전국,,,2024-07-01,2024,Q3,순이동률,0.0
서울특별시,,,2024-07-01,2024,Q3,순이동률,-0.6
부산광역시,35.1796,129.0756,2024-07-01,2024,Q3,순이동률,-0.5
대구광역시,35.8714,128.6014,2024-07-01,2024,Q3,순이동률,0.0
인천광역시,37.4563,126.7052,2024-07-01,2024,Q3,순이동률,0.7
광주광역시,35.1595,126.8526,2024-07-01,2024,Q3,순이동률,-0.5
대전광역시,36.3504,127.3845,2024-07-01,2024,Q3,순이동률,0.0
울산광역시,35.5384,129.3114,2024-07-01,2024,Q3,순이동률,-0.5
세종특별자치시,36.48,127.289,2024-07-01,2024,Q3,순이동률,1.2
경기도,37.4138,127.5183,2024-07-01,2024,Q3,순이동률,0.5
강원특별자치도,37.8225,128.1555,2024-07-01,2024,Q3,순이동률,-0.1
충청북도,36.6297,127.921,2024-07-01,2024,Q3,순이동률,0.2
충청남도,36.6353,126.7404,2024-07-01,2024,Q3,순이동률,0.4
전북특별자치도,35.8175,127.14,2024-07-01,2024,Q3,순이동률,-0.4
전라남도,34.8006,126.2994,2024-07-01,2024,Q3,순이동률,-0.2
경상북도,36.1584,128.7364,2024-07-01,2024,Q3,순이동률,-0.4
경상남도,35.2354,128.6922,2024-07-01,2024,Q3,순이동률,-0.1
제주특별자치도,33.4996,126.5312,2024-07-01,2024,Q3,순이동률,-0.5
